Date,Close,Open,High,Low,Volume,pct_change,epoch_signal,weight
2025-01-18,0.04178699861036072,0.0400179998086525,0.04407700161205063,0.03138700137601624,1717879.0,-0.43657955392143294,-1.0,0.4385510996119017
2025-01-19,0.031047999958856203,0.04180299873219261,0.04563099900947342,0.03031199994252453,1462610.0,-0.2504396179495923,0.0,0.12289780077619662
2025-01-20,0.029755000125033952,0.031077999721629716,0.034944001685245134,0.02847299921081791,1042339.0000000001,-0.2266688792329757,0.0,0.12289780077619662
2025-01-21,0.04297199855314026,0.029755000125033952,0.04607899869547615,0.028265999730093576,2279834.0,-0.4748268388961301,-1.0,0.4385510996119017
2025-01-22,0.04274300123320351,0.04297899837361107,0.04449500153527985,0.03802800188527832,1046312.0000000001,-0.48147111993649083,-1.0,0.4385510996119017
2025-01-23,0.035232000152928926,0.04285300160513649,0.04312200109229813,0.03406500081287155,1218878.0,-0.38038840270612395,0.0,0.12289780077619662
2025-01-24,0.03406599919067154,0.035232998530728914,0.03741300116048584,0.03250199938879738,1373226.0,-0.368291939180609,0.0,0.12289780077619662
2025-01-25,0.03292699913249741,0.03406200195418129,0.03769199932680855,0.03266799832449684,692266.0000000001,-0.35499384972292636,0.0,0.12289780077619662
2025-01-26,0.043540001015527345,0.032928001235587694,0.06085700179205666,0.03170999894605408,7598019.0,-0.5220346819632563,-1.0,0.4385510996119017
2025-01-27,0.044670000772340394,0.043540001015527345,0.05592399845586548,0.03773700083361397,5964313.0,-0.5440770629625831,-1.0,0.4385510996119017
2025-01-28,0.0451820009456707,0.04464000100956688,0.05373699973092804,0.04330100129113922,11994114.0,-0.5594884156612896,-1.0,0.4385510996119017
2025-01-29,0.04072599868045578,0.0451820009456707,0.04607599983678589,0.04010099927650223,13160925.0,-0.5214534600805444,-1.0,0.4385510996119017
2025-01-30,0.03733799989090691,0.04076499874459038,0.042844999681575395,0.03548000017867813,3128514.0,-0.4881357566858078,-1.0,0.4385510996119017
2025-01-31,0.03624499971733818,0.03733799989090691,0.038548998634679414,0.03373999903665314,2267102.0,-0.4826539385416241,-1.0,0.4385510996119017
2025-02-01,0.030786000292165376,0.036244001339538194,0.037429001282317735,0.030734000827534295,2180322.0,-0.40030677146761456,0.0,0.12289780077619662
2025-02-02,0.02631100090907345,0.03077800023124943,0.03168899948464165,0.02411700050102005,1458440.0,-0.3071758756893014,0.0,0.12289780077619662
2025-02-03,0.031766999612910844,0.02631100090907345,0.035232000152928926,0.019391000370843507,1429192.0,-0.4349850020244851,-1.0,0.4385510996119017
2025-02-04,0.027661999787552453,0.03190400088892708,0.03266499946580658,0.026281999524099924,1146935.0,-0.35862784464598646,0.0,0.12289780077619662
2025-02-05,0.02438499974773655,0.027661999787552453,0.027672000329358674,0.023852000112993814,2665814.0,-0.27868365962820757,0.0,0.12289780077619662
2025-02-06,0.0225600005196167,0.02456999952660332,0.02652000087068806,0.022250000487430192,5416422.0,-0.2255969793032798,0.0,0.12289780077619662
2025-02-07,0.023079000513417817,0.0225600005196167,0.025613000716431238,0.022132000054581262,5064746.0,-0.24703687127600274,0.0,0.12289780077619662
2025-02-08,0.02690899940894375,0.023079000513417817,0.027028000082237817,0.021971000458462335,5321283.0,-0.3604572823071716,0.0,0.12289780077619662
2025-02-09,0.020093999903066255,0.026936000313027002,0.02742700102494488,0.014554000559611415,6091433.0,-0.14631361550497868,0.0,0.12289780077619662
2025-02-10,0.020034000377519227,0.020098000864846803,0.02303699972794781,0.01868800083862076,4080571.0,-0.14727172691863322,0.0,0.12289780077619662
2025-02-11,0.02157999957667122,0.020025000076158143,0.024539999763829805,0.01999199959204922,4141201.0,-0.21281908829146048,0.0,0.12289780077619662
2025-02-12,0.021727999772293664,0.02157999957667122,0.02317900034354458,0.02049599970446358,3287575.0,-0.22265720805021397,0.0,0.12289780077619662
2025-02-13,0.023538999359471895,0.021727999772293664,0.026146000351173974,0.01958799930976162,4635334.0,-0.2873225346006148,0.0,0.12289780077619662
2025-02-14,0.01970699998305569,0.023569000984890558,0.025096999581320382,0.0182499998317791,4483674.0,-0.15252144504775503,0.0,0.12289780077619662
2025-02-15,0.021137999470694162,0.01970699998305569,0.021669000487191774,0.01896600062714348,557359.0000000001,-0.2154155548913671,0.0,0.12289780077619662
2025-02-16,0.021522000532014467,0.021137999470694162,0.02338800030515919,0.02023099931643734,903741.0000000001,-0.23551679662383726,0.0,0.12289780077619662
2025-02-17,0.02658200087712536,0.021522000532014467,0.02765299948619137,0.020664999361498453,2070436.0,-0.3879575936927075,0.0,0.12289780077619662
2025-02-18,0.022305000673396684,0.026577999915344812,0.027915999393327333,0.021213000740273096,1273854.0,-0.27715935209108855,0.0,0.12289780077619662
2025-02-19,0.024018000911338426,0.022305000673396684,0.02634900073276291,0.022305000673396684,1170082.0,-0.33584770283310583,0.0,0.12289780077619662
2025-02-20,0.022879000853164293,0.024018000911338426,0.024354999984963037,0.021669000487191774,1409488.0,-0.30804125346682704,0.0,0.12289780077619662
2025-02-21,0.02142000022099743,0.022879000853164293,0.023563999782664873,0.020635999839170076,2411738.0,-0.2643687811283264,0.0,0.12289780077619662
2025-02-22,0.021446999262435533,0.02142000022099743,0.022732999275786973,0.020897999505860902,2173989.0,-0.26900256710253356,0.0,0.12289780077619662
2025-02-23,0.02178199971781502,0.021486999567015268,0.022145999695522882,0.020115999604923822,2348991.0,-0.28347543921038876,0.0,0.12289780077619662
2025-02-24,0.018739000062806703,0.021835999663336374,0.021847000445587732,0.018579000707132913,1912350.0,-0.16949856924777462,0.0,0.12289780077619662
2025-02-25,0.022029999743564226,0.018737999822361566,0.022112999211413957,0.015680000285966493,2054784.0,-0.2972357510355979,0.0,0.12289780077619662
2025-02-26,0.017966000463230707,0.022930000077350236,0.02303699972794781,0.017966000463230707,2371288.0,-0.1402121907572524,0.0,0.12289780077619662
2025-02-27,0.01977900053129921,0.017966000463230707,0.02073200057016144,0.017868999491794206,2110820.0,-0.22232029062382289,0.0,0.12289780077619662
2025-02-28,0.01881000037060509,0.01977900053129921,0.019780000771744348,0.018065000052912332,1190279.0,-0.18538426944887995,0.0,0.12289780077619662
2025-03-01,0.018770000066025354,0.01881000037060509,0.019653000037534334,0.017945001001818277,410456.0000000001,-0.18760940385407107,0.0,0.12289780077619662
2025-03-02,0.02869899953470955,0.018770000066025354,0.033546999196870424,0.018694000418646432,1442297.0,-0.47575257116239916,-1.0,0.4385510996119017
2025-03-03,0.024425000052316286,0.02869899953470955,0.031892001728875734,0.023924000661237337,1445128.0,-0.39039678542481554,0.0,0.12289780077619662
2025-03-04,0.0259809997932745,0.024425000052316286,0.0281980001436306,0.021376000817282297,1088834.0,-0.43345011022693763,-1.0,0.4385510996119017
2025-03-05,0.024505000661475755,0.0259809997932745,0.028032999585731126,0.0229909998433424,878684.0000000001,-0.40542270596393337,-1.0,0.4385510996119017
2025-03-06,0.02581699947582016,0.024505000661475755,0.025924000989062883,0.02404100085364113,683923.0000000001,-0.44092610359742995,-1.0,0.4385510996119017
2025-03-07,0.024397000770433046,0.02581699947582016,0.02608899968431721,0.023032000388367273,692514.0000000001,-0.41387940882361424,-1.0,0.4385510996119017
2025-03-08,0.024101000379188157,0.024397000770433046,0.024466000597341157,0.022568000580532648,539288.0000000001,-0.41092707257284367,-1.0,0.4385510996119017
2025-03-09,0.02002999941573868,0.024111999298794366,0.024638000975711442,0.019986000012023546,566711.0000000001,-0.29341893610211606,0.0,0.12289780077619662
2025-03-10,0.018199000607593156,0.02002999941573868,0.022060999746782876,0.017970999802811242,628915.0000000001,-0.223070646040717,0.0,0.12289780077619662
2025-03-11,0.020236000518663026,0.018202999706728555,0.021089000727398492,0.01799999932513962,537200.0000000001,-0.3034543160326012,0.0,0.12289780077619662
2025-03-12,0.01688000011013279,0.020236000518663026,0.020849000762565233,0.016256000946624376,709340.0000000001,-0.16562288236807327,0.0,0.12289780077619662
2025-03-13,0.016529999773366548,0.016948999937040903,0.017970999802811242,0.0162579995648695,579921.0000000001,-0.1490489355426395,0.0,0.12289780077619662
2025-03-14,0.018177999283535577,0.016529999773366548,0.019362999226315118,0.01650499935017357,513824.0000000001,-0.22918094770064987,0.0,0.12289780077619662
2025-03-15,0.01838500062690506,0.01817700090573559,0.019809000294072725,0.01786099943087826,454951.0000000001,-0.2413974037984258,0.0,0.12289780077619662
2025-03-16,0.016522999952895738,0.01838500062690506,0.018466999854309656,0.01639699945913086,334801.0000000001,-0.15815576026096756,0.0,0.12289780077619662
2025-03-17,0.018422000210149385,0.016522999952895738,0.019857000659568406,0.016519999231560327,510794.0000000001,-0.24794606361421354,0.0,0.12289780077619662
2025-03-18,0.018139999459846116,0.01841999972925911,0.018470000575645067,0.017371000822050668,351654.0000000001,-0.23878489031611,0.0,0.12289780077619662
2025-03-19,0.018826000492436983,0.018139999459846116,0.019828999515040018,0.01810799921618233,367010.0000000001,-0.27024660510910614,0.0,0.12289780077619662
2025-03-20,0.018136000360710718,0.018826000492436983,0.01896999972627888,0.01811799975798855,347428.0000000001,-0.2464775610779218,0.0,0.12289780077619662
2025-03-21,0.01827099929319153,0.018136000360710718,0.018562000344855882,0.01813500012026558,316925.0000000001,-0.25697948043135727,0.0,0.12289780077619662
2025-03-22,0.017115000735385515,0.01827099929319153,0.01828099983499775,0.01666099960671196,442435.0000000001,-0.21098606132788905,0.0,0.12289780077619662
2025-03-23,0.01733900057838688,0.017115000735385515,0.01799900094733963,0.016955999757511712,297624.0000000001,-0.22569945978460815,0.0,0.12289780077619662
2025-03-24,0.01792700039909611,0.01733900057838688,0.0186770000563694,0.017202999542815782,458351.0000000001,-0.2550850273526864,0.0,0.12289780077619662
2025-03-25,0.0200750009225441,0.01792700039909611,0.021547000955207445,0.01780099990533123,553491.0000000001,-0.3389969695052958,0.0,0.12289780077619662
2025-03-26,0.019767999749047853,0.0200750009225441,0.024260999734861947,0.019109999860985376,819249.0000000001,-0.3332579877871516,0.0,0.12289780077619662
2025-03-27,0.020231999556882478,0.019767999749047853,0.021865999426109888,0.019666999678475953,506733.0000000001,-0.35372598040256364,0.0,0.12289780077619662
2025-03-28,0.01816999922261963,0.020231999556882478,0.020529000188572503,0.017887000094516374,566452.0000000001,-0.28462568420583556,0.0,0.12289780077619662
2025-03-29,0.016542000796063043,0.01816999922261963,0.018252000312669374,0.016326999391777612,292225.0000000001,-0.21783829210386077,0.0,0.12289780077619662
2025-03-30,0.01610900099144707,0.016542000796063043,0.017219999905092813,0.01586500006483326,345342.0000000001,-0.20081301055837084,0.0,0.12289780077619662
2025-03-31,0.015166999872191047,0.01610900099144707,0.016857000167830087,0.014669000271124935,435357.0000000001,-0.15388585675508193,0.0,0.12289780077619662
2025-04-01,0.014517000045044517,0.015166999872191047,0.015541000391705131,0.013861999946994876,465309.0000000001,-0.1185918109410059,0.0,0.12289780077619662
2025-04-02,0.012605000387294387,0.014517000045044517,0.015340999800129032,0.012605000387294387,482621.0000000001,0.01308178079131691,1.0,0.4385510996119017
2025-04-03,0.012234999898238277,0.012605000387294387,0.01309600016788969,0.011609000253839588,372698.0000000001,0.04159879756906254,1.0,0.4385510996119017
2025-04-04,0.012503000076277351,0.012234999898238277,0.01306500016467104,0.011734000507159328,279390.0000000001,0.016237146728154767,1.0,0.4385510996119017
2025-04-05,0.012104000064892864,0.012503000076277351,0.012582999754114246,0.012009000505669212,227305.0000000001,0.04651999282044391,1.0,0.4385510996119017
2025-04-06,0.010157999682588672,0.012104000064892864,0.012790000166161155,0.010053999822003936,306759.0000000001,0.24658198286805574,1.0,0.4385510996119017
2025-04-07,0.009590000014169311,0.010157999682588672,0.010520000110728836,0.008449000406427478,519855.0000000001,0.32500847968562246,1.0,0.4385510996119017
2025-04-08,0.008882000211043453,0.009590000014169311,0.010067000153822994,0.00887100036011467,399784.0000000001,0.4373312877973948,1.0,0.4385510996119017
2025-04-09,0.01161499983386526,0.008882000211043453,0.013636000554425811,0.008197000350220298,687377.0000000001,0.1011019403373786,1.0,0.4385510996119017
2025-04-10,0.00956599983142147,0.011568999949259853,0.011587000551982021,0.009511999885900116,433498.0000000001,0.3420081283766848,1.0,0.4385510996119017
2025-04-11,0.01016599974350462,0.00956599983142147,0.010723000492317772,0.009542999889118766,373978.0000000001,0.26669499151774384,1.0,0.4385510996119017
2025-04-12,0.011240000005228614,0.01016599974350462,0.011815999734563922,0.00950200027541647,438367.0000000001,0.14783589752613333,1.0,0.4385510996119017
2025-04-13,0.010622000421745872,0.011240000005228614,0.011478999729616737,0.010199000227613544,356159.0000000001,0.2168960452698362,1.0,0.4385510996119017
2025-04-14,0.010440999742014503,0.010622000421745872,0.011525999854667282,0.01028900044725666,400674.0000000001,0.24026165397520763,1.0,0.4385510996119017
2025-04-15,0.00954000009910593,0.010440999742014503,0.010560999724431133,0.00954000009910593,326163.0000000001,0.3593835989976683,1.0,0.4385510996119017
2025-04-16,0.008855000238282775,0.00954000009910593,0.009561999800963497,0.008622000093920326,370840.0000000001,0.4688538846685306,1.0,0.4385510996119017
2025-04-17,0.008286000329418277,0.008855000238282775,0.00887100036011467,0.008016999910934066,447644.0000000001,0.5746776379394586,1.0,0.4385510996119017
2025-04-18,0.008465000528259372,0.008286000329418277,0.008889000031514263,0.007929000172181224,382104.0000000001,0.5452228082395122,1.0,0.4385510996119017
2025-04-19,0.008529000084264373,0.008488000470562076,0.009135999816818332,0.008326999943120575,359749.0000000001,0.5369000875158154,1.0,0.4385510996119017
2025-04-20,0.008349999885423278,0.008529000084264373,0.008557000297470188,0.007841999742550945,317081.0000000001,0.5736667382966899,1.0,0.4385510996119017
2025-04-21,0.01020200001762638,0.008347000095410442,0.010778999987406826,0.008341999824507331,553758.0000000001,0.28770652460661716,1.0,0.4385510996119017
2025-04-22,0.011707999843521213,0.01020200001762638,0.011918000045580959,0.009290999832911586,489768.0000000001,0.12002673921761652,1.0,0.4385510996119017
2025-04-23,0.012655000302357769,0.011707999843521213,0.014564000170095062,0.011547000247402286,601072.0000000001,0.03435528005288996,1.0,0.4385510996119017
2025-04-24,0.013415000501437282,0.012655000302357769,0.013717000472707843,0.011320999923510646,390364.0000000001,-0.02611829889972232,1.0,0.4385510996119017
2025-04-25,0.015925999830825426,0.013496000419719314,0.016138000513775445,0.013426000352366066,476008.0000000001,-0.1831147466148541,0.0,0.12289780077619662
2025-04-26,0.013958999987108802,0.015927000071270563,0.016160000215633012,0.013710999961359596,374605.0000000001,-0.07026327423973276,0.0,0.12289780077619662
2025-04-27,0.015822000901563264,0.013958999987108802,0.015831999580724336,0.01287500011490116,385290.0000000001,-0.18401637677765448,0.0,0.12289780077619662
2025-04-28,0.014612000535590744,0.015822000901563264,0.01585499952302704,0.013919999922974205,407187.0000000001,-0.12089069914212512,0.0,0.12289780077619662
2025-04-29,0.014173000219626522,0.014612000535590744,0.015154000471694564,0.013895999740226364,368901.0000000001,-0.09720055430317188,0.0,0.12289780077619662
2025-04-30,0.014239000256521797,0.014173000219626522,0.017098000373108484,0.014060000057680702,448908.0000000001,-0.10330508858765432,0.0,0.12289780077619662
2025-05-01,0.014731000277562236,0.014239000256521797,0.015262000362737274,0.01400499987171421,288164.0000000001,-0.13589595033737395,0.0,0.12289780077619662
2025-05-02,0.01397399986849556,0.014734000067575073,0.014777000162167644,0.01382800015376339,236688.0000000001,-0.0901600014837485,0.0,0.12289780077619662
2025-05-03,0.012151000189943409,0.01397399986849556,0.014208000253303146,0.012031000207526779,288660.0000000001,0.047463353546872734,1.0,0.4385510996119017
2025-05-04,0.011408999662263488,0.012151000189943409,0.013413000020547008,0.01119299988017807,369515.0000000001,0.11899473307158982,1.0,0.4385510996119017
2025-05-05,0.012422000157995319,0.011408999662263488,0.012799999776644802,0.011308999832136726,519815.0000000001,0.03054174735011046,1.0,0.4385510996119017
2025-05-06,0.011036000314517116,0.012422000157995319,0.012431999768478965,0.010866000417037105,697453.0000000001,0.1662716395851892,1.0,0.4385510996119017
2025-05-07,0.010824000562889671,0.011035000074071979,0.01181000015453825,0.010551000113947486,356907.0000000001,0.19495152716332698,1.0,0.4385510996119017
2025-05-08,0.013616999711258506,0.010824000562889671,0.01437199963943491,0.010789999838335609,502331.0000000001,-0.0491831427590071,1.0,0.4385510996119017
2025-05-09,0.015714001010520555,0.013616000402135944,0.017859000812633134,0.013616000402135944,630313.0000000001,-0.17732475682072607,0.0,0.12289780077619662
2025-05-10,0.015324000369174575,0.015714001010520555,0.017343999917967416,0.014631999756558036,595941.0000000001,-0.15691963928066713,0.0,0.12289780077619662
2025-05-11,0.016364000837667085,0.015324000369174575,0.01810400011704693,0.014964999731047248,692900.0000000001,-0.21226118974383243,0.0,0.12289780077619662
2025-05-12,0.015307000006897544,0.016364000837667085,0.016638999904854394,0.013737999934120273,700370.0000000001,-0.15960865982246183,0.0,0.12289780077619662
2025-05-13,0.01580300005839596,0.015307000006897544,0.017376000161631204,0.01449500034318695,812586.0000000001,-0.1885602803547527,0.0,0.12289780077619662
2025-05-14,0.015274999763233757,0.015776999394757844,0.016982000421149827,0.014903999965055084,557579.0000000001,-0.1634926559693375,0.0,0.12289780077619662
2025-05-15,0.014757000009877777,0.015274999763233757,0.016426000844104387,0.014069999668164348,468319.0000000001,-0.13727580775668755,0.0,0.12289780077619662
2025-05-16,0.014282000351114368,0.014757000009877777,0.015555000032646751,0.014266000229282474,378456.0000000001,-0.11222191740576234,0.0,0.12289780077619662
2025-05-17,0.013045000012381172,0.014281000110669231,0.014294999751610851,0.013011000219149685,288268.0000000001,-0.03145952353189439,1.0,0.4385510996119017
2025-05-18,0.013053000073297119,0.013045000012381172,0.014233999985618686,0.012739000010652637,334026.0000000001,-0.033968401394671874,1.0,0.4385510996119017
2025-05-19,0.01242700042889843,0.013053000073297119,0.013135000232024288,0.011924000556929206,335957.0000000001,0.013572225162158455,1.0,0.4385510996119017
2025-05-20,0.01288899975584278,0.012427999738020992,0.013460000145597553,0.01233499972836504,379155.0000000001,-0.025396639613540307,1.0,0.4385510996119017
2025-05-21,0.013000000368220901,0.01288899975584278,0.013623000222606754,0.012821000169379806,325133.0000000001,-0.03574726997725679,1.0,0.4385510996119017
2025-05-22,0.015305999766452407,0.013000000368220901,0.016088999907834627,0.012903999637229538,500155.0000000001,-0.183797692559889,0.0,0.12289780077619662
2025-05-23,0.014077000419957733,0.015307000006897544,0.01700899946258793,0.014065999637706375,449035.0000000001,-0.11385987420988,0.0,0.12289780077619662
2025-05-24,0.016220999981625177,0.014077000419957733,0.01782199936674366,0.014019000443978405,881429.0000000001,-0.23292076170305612,0.0,0.12289780077619662
2025-05-25,0.01660900014208088,0.016220999981625177,0.017107000674469568,0.015011999856097793,542821.0000000001,-0.2528116115297699,0.0,0.12289780077619662
2025-05-26,0.017161000619990922,0.01660900014208088,0.018505999918444253,0.016342999513609506,571962.0000000001,-0.2804229365323712,0.0,0.12289780077619662
2025-05-27,0.01684500100777874,0.017161000619990922,0.01740499968395958,0.01677599931822548,405763.0000000001,-0.2685170370641773,0.0,0.12289780077619662
2025-05-28,0.01603199924097786,0.01684500100777874,0.01746799993084202,0.015405000287456607,429849.0000000001,-0.23176289321335158,0.0,0.12289780077619662
2025-05-29,0.015138999658985233,0.01603199924097786,0.016923999513847925,0.01503899982885847,420827.0000000001,-0.1877424792559889,0.0,0.12289780077619662
2025-05-30,0.013999000291688537,0.015138999658985233,0.015263999912304973,0.01398400041030178,383451.0000000001,-0.12236311134358088,0.0,0.12289780077619662
2025-05-31,0.013376999746425247,0.013999000291688537,0.014014000173075294,0.013270000095827674,317067.0000000001,-0.08138700316843664,0.0,0.12289780077619662
2025-06-01,0.013665000076754188,0.013376999746425247,0.014054000477655029,0.01311500007973442,363640.0000000001,-0.1014897254320967,0.0,0.12289780077619662
2025-06-02,0.014151999826891517,0.013665000076754188,0.014153000067336654,0.013111000049276447,325929.0000000001,-0.13454936388097144,0.0,0.12289780077619662
2025-06-03,0.014606000024242496,0.014151999826891517,0.015652001004083253,0.01413199967460165,366271.0000000001,-0.1650104592334728,0.0,0.12289780077619662
2025-06-04,0.013427999901933765,0.014608999814255333,0.01474399967805872,0.013359000075025653,385460.0000000001,-0.09364710308045489,0.0,0.12289780077619662
2025-06-05,0.012557000021798706,0.013430000382824039,0.013918000373406505,0.011877000431878662,459807.0000000001,-0.03277521243065348,1.0,0.4385510996119017
2025-06-06,0.011328999984426593,0.012557000021798706,0.012803000497980213,0.011165999907417392,436902.0000000001,0.07420447446964125,1.0,0.4385510996119017
2025-06-07,0.011590000341994857,0.011328999984426593,0.011796999822719192,0.011277999828918075,308984.0000000001,0.052967719854936125,1.0,0.4385510996119017
2025-06-08,0.01130400049255619,0.011590000341994857,0.011794000032706356,0.01095800018624792,392284.0000000001,0.08266694290512222,1.0,0.4385510996119017
2025-06-09,0.012420999917550182,0.01130400049255619,0.012968000124557113,0.011248000066144561,435022.0000000001,-0.015575825639778048,1.0,0.4385510996119017
2025-06-10,0.013572000067098236,0.012420999917550182,0.014233999985618686,0.012330000388784504,421144.0000000001,-0.10044457079479255,0.0,0.12289780077619662
2025-06-11,0.012877999904913997,0.013572000067098236,0.013911000552935695,0.012504000316722488,428880.0000000001,-0.0535061144052681,1.0,0.4385510996119017
2025-06-12,0.012167000311775302,0.012877999904913997,0.0132040000589324,0.012070000271661377,385301.0000000001,0.0005582324704090592,1.0,0.4385510996119017
2025-06-13,0.012236000138683414,0.012167000311775302,0.012240000169141388,0.01107100034819374,406312.0000000001,-0.006905322548550502,1.0,0.4385510996119017
2025-06-14,0.01193500040785799,0.012236000138683414,0.012473000313503837,0.011095999840064144,427011.0000000001,0.017862967075026055,1.0,0.4385510996119017
2025-06-15,0.011149000476462936,0.011939999747438526,0.012205000135464763,0.010975000548524952,412833.0000000001,0.09000046579525173,1.0,0.4385510996119017
2025-06-16,0.012002999994320964,0.011149000476462936,0.012977000425918197,0.01103300052450428,518729.0000000001,0.010392434493833891,1.0,0.4385510996119017
2025-06-17,0.011621000345213508,0.012002999994320964,0.012136000308556652,0.011256000127060508,445693.0000000001,0.04182082140343566,1.0,0.4385510996119017
2025-06-18,0.010641000333590602,0.011621000345213508,0.011846999737782573,0.010628000001771545,440359.0000000001,0.1377860697998734,1.0,0.4385510996119017
2025-06-19,0.010238000291748142,0.010640000093145465,0.011297999981207943,0.010129000160260295,414488.0000000001,0.18211879781533982,1.0,0.4385510996119017
2025-06-20,0.009580999712808227,0.010238000291748142,0.01051000050024519,0.009557999770505523,356284.0000000001,0.2640413026480806,1.0,0.4385510996119017
2025-06-21,0.009106000054044818,0.009580999712808227,0.010522999900741672,0.009003999743027782,357746.0000000001,0.3313414094684917,1.0,0.4385510996119017
2025-06-22,0.009827000188989734,0.009106000054044818,0.010157999682588672,0.008791999991400337,421288.0000000001,0.23404375146958617,1.0,0.4385510996119017
2025-06-23,0.012981999765498733,0.009827000188989734,0.012981999765498733,0.009759999911649322,766347.0000000001,-0.0687335063596424,0.0,0.12289780077619662
2025-06-24,0.013466999966068363,0.012981999765498733,0.014607000264687633,0.01273099994973669,671510.0000000001,-0.10549307183247203,0.0,0.12289780077619662
2025-06-25,0.013380000467760658,0.013466999966068363,0.01464799987838993,0.012617000478668308,481338.0000000001,-0.10229070833542322,0.0,0.12289780077619662
2025-06-26,0.013289000007672405,0.013377999986870384,0.013787999849183654,0.013018000039620494,440502.0000000001,-0.09920908441010298,0.0,0.12289780077619662
2025-06-27,0.013213000360293483,0.013287999767227268,0.013340000163180923,0.013018000039620494,304450.0000000001,-0.09621773319393825,0.0,0.12289780077619662
2025-06-28,0.013123000140650367,0.013213000360293483,0.0135690002770854,0.012977000425918197,341641.0000000001,-0.09188685559847448,0.0,0.12289780077619662
2025-06-29,0.012485000404877758,0.013123000140650367,0.013255000214440918,0.012059000420732593,325512.0000000001,-0.04472694320196873,1.0,0.4385510996119017
2025-06-30,0.012265999901456928,0.012485000404877758,0.012753999892039394,0.012168999861343002,354084.0000000001,-0.02804181057259504,1.0,0.4385510996119017
2025-07-01,0.010998999799950218,0.012265999901456928,0.012275000202818012,0.010384000006480312,700784.0000000001,0.08519077368584475,1.0,0.4385510996119017
2025-07-02,0.011795000273151493,0.010998999799950218,0.012942000392241573,0.010909000511629676,437457.0000000001,0.012087431983466533,1.0,0.4385510996119017
2025-07-03,0.011448999966843223,0.01182399979547987,0.011858999829156494,0.011183000269694423,356802.0000000001,0.042047580484302356,1.0,0.4385510996119017
2025-07-04,0.010970000277621841,0.011448999966843223,0.011488000030977821,0.010494000378413295,327099.0000000001,0.08721422805694169,1.0,0.4385510996119017
2025-07-05,0.010677999916834926,0.010970000277621841,0.011126000534160232,0.010611999879939651,273131.0000000001,0.11685151535143883,1.0,0.4385510996119017
2025-07-06,0.010805999960167503,0.010677999916834926,0.01085899966524372,0.01006499967293272,373335.0000000001,0.10261256165324252,1.0,0.4385510996119017
2025-07-07,0.00997599969373474,0.010804999719722366,0.010816999811096286,0.009673000413341617,352273.0000000001,0.19365963884519763,1.0,0.4385510996119017
2025-07-08,0.009867000493569469,0.009975000384612178,0.010111999797983265,0.009468999791307544,445633.0000000001,0.2065351842615963,1.0,0.4385510996119017
2025-07-09,0.0108450000243021,0.009867000493569469,0.010979999888105487,0.009865000012679195,365909.0000000001,0.09239760718468253,1.0,0.4385510996119017
2025-07-10,0.011478999729616737,0.0108450000243021,0.012288999843759632,0.010769999686045742,494204.0000000001,0.025572424230180562,1.0,0.4385510996119017
2025-07-11,0.011698000233037567,0.011478999729616737,0.012108000095350837,0.011378999899489975,530906.0000000001,0.00033304790776388907,1.0,0.4385510996119017
2025-07-12,0.01153200036601553,0.011699999782605266,0.011800999853177166,0.011277999828918075,494489.0000000001,0.009101698711322579,1.0,0.4385510996119017
2025-07-13,0.010609000089926815,0.01153200036601553,0.011757999758584594,0.010467000405652618,626137.0000000001,0.0935251037004766,1.0,0.4385510996119017
2025-07-14,0.009611000406904316,0.010609000089926815,0.01081900029198656,0.009491000424487686,709529.0000000001,0.20643820366836454,1.0,0.4385510996119017
2025-07-15,0.01030999990866909,0.009611000406904316,0.0106819999472929,0.009007000464363193,684855.0000000001,0.12329350975390396,1.0,0.4385510996119017
2025-07-16,0.012133999827666378,0.010308999668223953,0.012594999845488166,0.009886999714536762,894952.0000000001,-0.04783165647376834,1.0,0.4385510996119017
2025-07-17,0.011734000507159328,0.012133999827666378,0.012720000098807907,0.011521000515086746,256924.0000000001,-0.018823121426705263,1.0,0.4385510996119017
2025-07-18,0.01281800037936697,0.011734000507159328,0.013833999733789062,0.011692999962134456,286476.0000000001,-0.10676343666109218,0.0,0.12289780077619662
2025-07-19,0.013200000028474426,0.01281800037936697,0.014716999705298042,0.012767000223858451,221689.0000000001,-0.13788468478905322,0.0,0.12289780077619662
2025-07-20,0.01440299964265356,0.013200000028474426,0.016002999718649484,0.013022000070078468,332719.0000000001,-0.21528791410142994,0.0,0.12289780077619662
2025-07-21,0.01510000052617321,0.01440299964265356,0.01626200052665005,0.013922000403864479,462877.0000000001,-0.25744648046881086,0.0,0.12289780077619662
2025-07-22,0.0163940006004406,0.01510000052617321,0.016832999985082246,0.014273000049753284,426724.0000000001,-0.32355044773007263,0.0,0.12289780077619662
2025-07-23,0.015689000587327577,0.016392000119550325,0.01703700060711632,0.014705999854369258,488891.0000000001,-0.30019049328350395,0.0,0.12289780077619662
2025-07-24,0.0146270004169775,0.015656000103218652,0.015985999356372453,0.014515000495476818,191353.0000000001,-0.256368109672869,0.0,0.12289780077619662
2025-07-25,0.014193000371916389,0.0146270004169775,0.015228999878628349,0.013337999682290649,253880.0000000001,-0.24187981486934124,0.0,0.12289780077619662
2025-07-26,0.014696000243885612,0.014193000371916389,0.015395999986095523,0.01388499988929758,164979.0000000001,-0.27631514585058087,0.0,0.12289780077619662
2025-07-27,0.014146000246865844,0.014696000243885612,0.01471600039617548,0.013349000464542007,256747.0000000001,-0.2552059223223617,0.0,0.12289780077619662
2025-07-28,0.013252000424428081,0.014146000246865844,0.014848999779088592,0.013124999690218067,174334.0000000001,-0.21127418226593045,0.0,0.12289780077619662
2025-07-29,0.012670000183744526,0.013252000424428081,0.014664000000221824,0.012636000390513038,294607.0000000001,-0.1813220784984805,0.0,0.12289780077619662
2025-07-30,0.011769000540835952,0.012670000183744526,0.01296400009409914,0.011415000173611736,283734.0000000001,-0.12539880936468603,0.0,0.12289780077619662
2025-07-31,0.011182000029249286,0.011769000540835952,0.012853000413043594,0.011138999934656715,244039.0000000001,-0.08650149295775224,0.0,0.12289780077619662
2025-08-01,0.010280000145895576,0.011182000029249286,0.011190000090165233,0.0096859998138381,253396.0000000001,-0.012987019458125902,1.0,0.4385510996119017
2025-08-02,0.009607999685568904,0.010280000145895576,0.010497000168426132,0.00929499986336956,189489.0000000001,0.049597510847782376,1.0,0.4385510996119017
2025-08-03,0.011128000083727932,0.009674999962909317,0.01148299976007471,0.009618000227375125,173619.0000000001,-0.10118853166900053,0.0,0.12289780077619662
2025-08-04,0.011353000167174434,0.011128000083727932,0.011756000209016895,0.009940000350935554,175281.0000000001,-0.1266385407742996,0.0,0.12289780077619662
2025-08-05,0.010270999844534492,0.011353000167174434,0.01146399984822998,0.01003700039104948,198193.0000000001,-0.0418907130313733,1.0,0.4385510996119017
2025-08-06,0.010969000037176704,0.010270999844534492,0.01118400051013956,0.009916000168187713,165234.0000000001,-0.11072999936316866,0.0,0.12289780077619662
2025-08-07,0.012033999997539615,0.010969000037176704,0.012612000207765197,0.010929999973042106,230334.0000000001,-0.1977654163852279,0.0,0.12289780077619662
2025-08-08,0.012644999760551548,0.012033999997539615,0.01307000043557415,0.011737000297172165,184744.0000000001,-0.24455945410807015,0.0,0.12289780077619662
2025-08-09,0.013802999730570411,0.012644999760551548,0.0140990001218153,0.012644000451428985,268494.0000000001,-0.3164783309169687,0.0,0.12289780077619662
2025-08-10,0.014088000270886516,0.013806000451905822,0.014371000330312347,0.013673000137670135,204828.0000000001,-0.3392414738754614,0.0,0.12289780077619662
2025-08-11,0.01243400024936924,0.014208000253303146,0.015707999567849733,0.012402000005705452,289895.0000000001,-0.25962328776710814,0.0,0.12289780077619662
2025-08-12,0.014778999711735344,0.01243400024936924,0.015091000224812126,0.012272000412805175,227765.0000000001,-0.38642667057729796,0.0,0.12289780077619662
2025-08-13,0.015611999768180942,0.014778999711735344,0.01677900003956089,0.014778999711735344,349383.0000000001,-0.4288683906682366,-1.0,0.4385510996119017
2025-08-14,0.013628999802632427,0.015611999768180942,0.016127999971969224,0.013438000443739986,226470.0000000001,-0.35521847006419904,0.0,0.12289780077619662
2025-08-15,0.013173000055713749,0.013628999802632427,0.014802999894483184,0.01293100054131279,185924.0000000001,-0.34242808464332586,0.0,0.12289780077619662
2025-08-16,0.013550000365240669,0.013173000055713749,0.013550999674363231,0.013066000405116176,102328.0000000001,-0.3703819549601504,0.0,0.12289780077619662
2025-08-17,0.012884000416262245,0.013550000365240669,0.013558000426156616,0.012396000425679779,159357.0000000001,-0.3471667427554479,0.0,0.12289780077619662
2025-08-18,0.011819999765021896,0.012884000416262245,0.013000999677343463,0.011513999763293361,144889.0000000001,-0.29842659567884733,0.0,0.12289780077619662
2025-08-19,0.010602000269456005,0.011819999765021896,0.011904999713761901,0.010378999735577201,171518.0000000001,-0.22765492672804466,0.0,0.12289780077619662
2025-08-20,0.0114759999396039,0.010602000269456005,0.011790000002248382,0.00978699988441,260457.0000000001,-0.2958687256414151,0.0,0.12289780077619662
2025-08-21,0.010626999761326408,0.0114759999396039,0.011500000122351741,0.010556000384850597,73633.0000000001,-0.24917415696848672,0.0,0.12289780077619662
2025-08-22,0.013194000448448753,0.010626999761326408,0.014188000101013279,0.010576999846263027,229675.0000000001,-0.40409160372942277,-1.0,0.4385510996119017
2025-08-23,0.01422599992470274,0.013194000448448753,0.014831000107688999,0.013189000177545642,271014.0000000001,-0.4565930975058185,-1.0,0.4385510996119017
2025-08-24,0.013965999807579612,0.01422599992470274,0.014552000078721141,0.013492999698383903,183084.0000000001,-0.4543259855773733,-1.0,0.4385510996119017
2025-08-25,0.011579000491066074,0.013965999807579612,0.014077000419957733,0.011554000067873096,178760.0000000001,-0.3495614196203771,0.0,0.12289780077619662
2025-08-26,0.012127000007195568,0.011579000491066074,0.012716000068349933,0.011579000491066074,193924.0000000001,-0.3873785931053476,0.0,0.12289780077619662
2025-08-27,0.011351999926729297,0.012127000007195568,0.012760999712510204,0.011343000556690788,137832.0000000001,-0.3542015490848618,0.0,0.12289780077619662
2025-08-28,0.011000000040395355,0.011351999926729297,0.011850000459117984,0.0106819999472929,140461.0000000001,-0.34276386820688143,0.0,0.12289780077619662
2025-08-29,0.010520000110728836,0.011000000040395355,0.011049999955458736,0.010172000254852867,115382.0000000001,-0.32231124371104897,0.0,0.12289780077619662
2025-08-30,0.011680000561637973,0.010520000110728836,0.011698000233037567,0.01045400007383356,127860.0000000001,-0.39953636036250645,0.0,0.12289780077619662
2025-08-31,0.011474000390036201,0.011680000561637973,0.012528999808592891,0.011074000138206577,175286.0000000001,-0.39886226496567523,0.0,0.12289780077619662
2025-09-01,0.010103000427944755,0.011474000390036201,0.011474999699158763,0.009789000365300273,198787.0000000001,-0.3269866059557795,0.0,0.12289780077619662
2025-09-02,0.010024000059230423,0.010103000427944755,0.010690000008208847,0.009499999794526195,165778.0000000001,-0.3308850943858574,0.0,0.12289780077619662
2025-09-03,0.010654999974532222,0.010024000059230423,0.010878999817533588,0.009867999802692031,102097.0000000001,-0.38022267985625186,0.0,0.12289780077619662
2025-09-04,0.009879999894065952,0.010654999974532222,0.010733000102801418,0.009359000350697136,163678.0000000001,-0.3414269805680843,0.0,0.12289780077619662
2025-09-05,0.010215999658568,0.009879999894065952,0.010385000246925449,0.00963400034920702,110132.0000000001,-0.3732520143187879,0.0,0.12289780077619662
2025-09-06,0.010061999882919883,0.010215999658568,0.010273000325424766,0.00981100006715784,71440.0000000001,-0.3739090225841648,0.0,0.12289780077619662
2025-09-07,0.010115999828441238,0.010061999882919883,0.010323000240488147,0.009972999903721904,61766.0000000001,-0.38706714641627754,0.0,0.12289780077619662
2025-09-08,0.010114000278873539,0.010115999828441238,0.010394999857409095,0.009832000459892845,91016.0000000001,-0.3969501036242213,0.0,0.12289780077619662
2025-09-09,0.010126999679370021,0.010114000278873539,0.010882000538868999,0.00994499969051609,134807.0000000001,-0.4079155502114282,-1.0,0.4385510996119017
2025-09-10,0.01068700021819601,0.010126999679370021,0.011244000035686588,0.010115000519318676,66988.0000000001,-0.44905997466901404,-1.0,0.4385510996119017
2025-09-11,0.010152000102563,0.01068700021819601,0.011334000255329704,0.009819000128073787,252313.0000000001,-0.42990697131101163,-1.0,0.4385510996119017
2025-09-12,0.010985000159008598,0.010152000102563,0.011574000220162963,0.01006499967293272,245681.0000000001,-0.483313138281102,-1.0,0.4385510996119017
2025-09-13,0.011235999974770641,0.010985000159008598,0.011732000026269054,0.010854000325663185,172793.0000000001,-0.5053052968153374,-1.0,0.4385510996119017
2025-09-14,0.013209999638958072,0.011235999974770641,0.013763999666435814,0.010721000011427497,404334.0000000001,-0.5899721620726062,-1.0,0.4385510996119017
2025-09-15,0.01191600049601326,0.01322299997077713,0.01322999979124794,0.011656999688012695,338953.0000000001,-0.5562912383613763,-1.0,0.4385510996119017
2025-09-16,0.012075000542564487,0.01191600049601326,0.012679999794228172,0.011488000030977821,201884.0000000001,-0.5729547621871811,-1.0,0.4385510996119017
2025-09-17,0.011915000255568122,0.012075000542564487,0.012392000395221805,0.011620000104768371,128325.0000000001,-0.5779019184945329,-1.0,0.4385510996119017
2025-09-18,0.010897000420255756,0.011915000255568122,0.012252000260515308,0.010789000529213047,173539.0000000001,-0.54892983883601,-1.0,0.4385510996119017
2025-09-19,0.010688000458641147,0.010897000420255756,0.011152000266475772,0.010432999681098556,117034.0000000001,-0.550588367953037,-1.0,0.4385510996119017
2025-09-20,0.010601000029010868,0.010688000458641147,0.010758000525994396,0.010367999884648418,59632.0000000001,-0.557455370937884,-1.0,0.4385510996119017
2025-09-21,0.009966000083251094,0.010601000029010868,0.010603999819023704,0.00994499969051609,90963.0000000001,-0.5393832532867237,-1.0,0.4385510996119017
2025-09-22,0.00944599984900484,0.009966000083251094,0.009991999815566635,0.009181000392301178,164817.0000000001,-0.5240890680327598,-1.0,0.4385510996119017
2025-09-23,0.009631000559194183,0.00944599984900484,0.009777000273926353,0.009284000012440776,97668.0000000001,-0.5433590619125035,-1.0,0.4385510996119017
2025-09-24,0.006391999877406454,0.009631000559194183,0.00979399970488081,0.0056250003235174175,1168472.0,-0.3205955264663047,0.0,0.12289780077619662
2025-09-25,0.0057420000502599235,0.006390000327838754,0.007179000049246645,0.005235000147832727,268838.0000000001,-0.252380493952426,0.0,0.12289780077619662
2025-09-26,0.006258000254048204,0.0057420000502599235,0.006583999942405319,0.004272000032825565,344116.0000000001,-0.3230400325780636,0.0,0.12289780077619662
2025-09-27,0.006532000012112951,0.006258000254048204,0.0069269999930394646,0.006120000134570694,57559.0000000001,-0.36087273824053007,0.0,0.12289780077619662
2025-09-28,0.00785600031481514,0.006532000012112951,0.008027000452740287,0.006397999923093414,90741.0000000001,-0.47880354352562976,-1.0,0.4385510996119017
2025-09-29,0.009139000538153743,0.007855000074370002,0.009428000177605247,0.007458000078214502,250099.0000000001,-0.5628226903171677,-1.0,0.4385510996119017
2025-09-30,0.009238000127835369,0.009139000538153743,0.01153200036601553,0.008690999920828437,217731.0000000001,-0.5785040921751549,-1.0,0.4385510996119017
2025-10-01,0.01001300020830164,0.009240999917848205,0.010204999807639217,0.008577000449760055,124231.0000000001,-0.6222858390574093,-1.0,0.4385510996119017
2025-10-02,0.008616999823017215,0.01001300020830164,0.01020899983809719,0.008108999680144882,178831.0000000001,-0.5718143862352663,-1.0,0.4385510996119017
2025-10-03,0.007919000561697578,0.008616999823017215,0.009265000100596046,0.00738300020561943,126584.0000000001,-0.5443721861848864,-1.0,0.4385510996119017
2025-10-04,0.007841999742550945,0.007919000561697578,0.008460000257356262,0.00740299989224801,97765.0000000001,-0.5502074882447846,-1.0,0.4385510996119017
2025-10-05,0.00841899971233139,0.007841999742550945,0.00929300031380186,0.007732000301940536,89138.0000000001,-0.5914312374360525,-1.0,0.4385510996119017
2025-10-06,0.008197000350220298,0.00841899971233139,0.00913700005726347,0.007704000088734722,71388.0000000001,-0.5905676746009437,-1.0,0.4385510996119017
2025-10-07,0.0069350000539554115,0.008197000350220298,0.008330999973578548,0.00688599991367588,66928.0000000001,-0.5260667215615542,-1.0,0.4385510996119017
2025-10-08,0.007187999884946441,0.0069350000539554115,0.007199999976320362,0.006329999870969152,56988.0000000001,-0.5530899136969274,-1.0,0.4385510996119017
2025-10-09,0.0067570000955594536,0.007187999884946441,0.007275000314576721,0.006327000080956316,59512.0000000001,-0.5347009072851558,-1.0,0.4385510996119017
2025-10-10,0.005175999931408262,0.0067570000955594536,0.006776000007404184,0.004819000239832496,77823.0000000001,-0.40196007694384944,-1.0,0.4385510996119017
2025-10-11,0.005092000223113393,0.005175999931408262,0.0056530000710619446,0.00458400008024106,101488.0000000001,-0.4009625646393711,0.0,0.12289780077619662
2025-10-12,0.006490999932749366,0.005092000223113393,0.006490999932749366,0.005092000223113393,86523.0000000001,-0.5398583742578169,-1.0,0.4385510996119017
2025-10-13,0.0068100002662969585,0.006490999932749366,0.007216000098152256,0.005849000166518783,56848.0000000001,-0.5713923489631375,-1.0,0.4385510996119017
2025-10-14,0.006544999878270721,0.0068100002662969585,0.006831999968154525,0.0057060002417994495,35495.0000000001,-0.5638427130439384,-1.0,0.4385510996119017
2025-10-15,0.005650000281049108,0.006544999878270721,0.006544999878270721,0.005202999904168939,35118.0000000001,-0.5042891791673634,-1.0,0.4385510996119017
2025-10-16,0.005142000138176775,0.005650000281049108,0.00585800000221858,0.005007000274373388,40022.0000000001,-0.4646860389283138,-1.0,0.4385510996119017
2025-10-17,0.005024999945772981,0.005142000138176775,0.0053400002488626,0.004056000250740146,61082.0000000001,-0.4611720462386357,-1.0,0.4385510996119017
2025-10-18,0.00483699991123209,0.005024999945772981,0.005090000207884407,0.004788000236613845,14864.0000000001,-0.44905743378565394,-1.0,0.4385510996119017
2025-10-19,0.0047709998743368145,0.00483699991123209,0.005030000216676092,0.004315999902201986,30437.0000000001,-0.44995329012727037,-1.0,0.4385510996119017
2025-10-20,0.004677000089897012,0.0047709998743368145,0.005274000211967325,0.004675000074668026,28210.0000000001,-0.4460651587518451,-1.0,0.4385510996119017
2025-10-21,0.004532000149948692,0.004677000089897012,0.004766000069094991,0.004390000000013208,20995.0000000001,-0.435635200798887,-1.0,0.4385510996119017
2025-10-22,0.004321000173105096,0.004532000149948692,0.004532000149948692,0.0041419999742640014,17936.0000000001,-0.4117583512919486,-1.0,0.4385510996119017
2025-10-23,0.004310000322176313,0.004321000173105096,0.004336000054491853,0.004123000062419271,17648.0000000001,-0.41325522107800616,-1.0,0.4385510996119017
2025-10-24,0.004826000060303306,0.004310000322176313,0.005394000194383955,0.0041430002147091385,49290.0000000001,-0.48119223967053654,-1.0,0.4385510996119017
2025-10-25,0.004724999989731407,0.004826000060303306,0.004831000331206417,0.00472200019971857,8407.0000000001,-0.47545934368897336,-1.0,0.4385510996119017
2025-10-26,0.0043950002709163185,0.004724999989731407,0.004753000202937221,0.004310000322176313,44478.0000000001,-0.44058333036242037,-1.0,0.4385510996119017
2025-10-27,0.004509000207645988,0.0043950002709163185,0.004708999867899513,0.004375999893410301,20766.0000000001,-0.45939867702964143,-1.0,0.4385510996119017
2025-10-28,0.004164999916566705,0.004509000207645988,0.0045119999976588245,0.004158999870879745,11045.0000000001,-0.41777643591391594,-1.0,0.4385510996119017
2025-10-29,0.0039470001192523,0.004164999916566705,0.004195000145001506,0.003878000059513545,29675.0000000001,-0.38807050923210706,0.0,0.12289780077619662
2025-10-30,0.003713000200106001,0.0039470001192523,0.0040159999461604114,0.0030670001705868006,98277.0000000001,-0.35231078322178744,0.0,0.12289780077619662
2025-10-31,0.0035070000285042286,0.003713000200106001,0.0039269999669624325,0.0034430000068379403,28701.0000000001,-0.31833178343686264,0.0,0.12289780077619662
2025-11-01,0.0034730000024420977,0.0035070000285042286,0.0035950000000877142,0.003372000164700842,15587.0000000001,-0.31499020224304924,0.0,0.12289780077619662
2025-11-02,0.0036270000109208584,0.0034730000024420977,0.0036270000109208584,0.003330000077722764,18813.0000000001,-0.3479423636901763,0.0,0.12289780077619662
2025-11-03,0.002695000131962991,0.0036270000109208584,0.0036460001555962324,0.002688000078661537,42125.0000000001,-0.1243572850772095,0.0,0.12289780077619662
2025-11-04,0.0025790001800043345,0.002695000131962991,0.0029070001164210797,0.0024770001018179417,34955.0000000001,-0.08800353321308574,0.0,0.12289780077619662
2025-11-05,0.0031760000692440033,0.0025790001800043345,0.003306000127805567,0.002464000002829528,45992.0000000001,-0.2638661640335733,0.0,0.12289780077619662
2025-11-06,0.002805000038234687,0.0031760000692440033,0.0032470001442117453,0.0027940001873059035,14648.0000000001,-0.16956731189249571,0.0,0.12289780077619662
2025-11-07,0.004215000297291374,0.002805000038234687,0.004363000027252531,0.002672000189660287,57028.0000000001,-0.45407714684958683,-1.0,0.4385510996119017
2025-11-08,0.004069000116897916,0.004215000297291374,0.005183999992324209,0.0036559999989105225,101346.0000000001,-0.4412201243584479,-1.0,0.4385510996119017
2025-11-09,0.005525000027729368,0.004069000116897916,0.006108000043196773,0.0037769999889416457,114830.0000000001,-0.5974472534914906,-1.0,0.4385510996119017
2025-11-10,0.0046910001964999195,0.005555000256164169,0.005946000206632709,0.004354000191552734,784866.0000000001,-0.5338517901483921,-1.0,0.4385510996119017
2025-11-11,0.0042599999414516445,0.00472200019971857,0.004726000230176544,0.00421800008730421,905463.0000000001,-0.4942228942305185,-1.0,0.4385510996119017
2025-11-12,0.003794000118388033,0.004274000048054552,0.004274000048054552,0.0037410001804811716,592872.0000000001,-0.43957308090244696,-1.0,0.4385510996119017
2025-11-13,0.0031840001301599503,0.003794000118388033,0.004110000196261501,0.0029150001773370266,397719.0000000001,-0.3397792595374769,0.0,0.12289780077619662
2025-11-14,0.00279600020253489,0.0031840001301599503,0.0031840001301599503,0.002687000071047044,42681.0000000001,-0.25492821843264096,0.0,0.12289780077619662
2025-11-15,0.002758000146014786,0.00279600020253489,0.0031110000399632216,0.002750000085098839,1e-10,-0.2509535557439744,0.0,0.12289780077619662
2025-11-16,0.0025450001539422036,0.002758000146014786,0.002945000172941184,0.0020550001481307507,70952.0000000001,-0.19521344892121967,0.0,0.12289780077619662
2025-11-17,0.0025570000124854803,0.0025450001539422036,0.0027230001123381615,0.0023130000171942473,17196.0000000001,-0.20541012846292164,0.0,0.12289780077619662
2025-11-18,0.002920999990193343,0.0025570000124854803,0.0030510000487549067,0.0024840001551193953,280192.0000000001,-0.31167494745296015,0.0,0.12289780077619662
2025-11-19,0.002687000071047044,0.002920999990193343,0.003092000128118491,0.0021620000315589667,77274.0000000001,-0.25914092499025815,0.0,0.12289780077619662
2025-11-20,0.00240900004969368,0.002590000030933118,0.0027780000654740095,0.0023880001226199627,25979.0000000001,-0.18162408661420118,0.0,0.12289780077619662
2025-11-21,0.002220000007538295,0.00240900004969368,0.0024290002019835472,0.002058000170974231,33847.0000000001,-0.11791852953606598,0.0,0.12289780077619662
2025-11-22,0.002121000185026026,0.002220000007538295,0.002223000030381775,0.002085000143734908,5538.0000000001,-0.08299813132448412,0.0,0.12289780077619662
2025-11-23,0.002470000048516488,0.002121000185026026,0.0025290000321103096,0.002121000185026026,75125.0000000001,-0.21956988597748534,0.0,0.12289780077619662
2025-11-24,0.002323000093339181,0.002470000048516488,0.002569000103859401,0.002229000076068735,26168.0000000001,-0.17694874687601808,0.0,0.12289780077619662
2025-11-25,0.0021800001686198473,0.002323000093339181,0.0023420000051839114,0.0021510001806301833,10993.0000000001,-0.13004887655452124,0.0,0.12289780077619662
2025-11-26,0.002360000142244792,0.0021800001686198473,0.0023660001879317522,0.002065999999059534,13896.0000000001,-0.20403919460888778,0.0,0.12289780077619662
2025-11-27,0.002428000194369054,0.002360000142244792,0.0024690000409019947,0.002239000152213669,1e-10,-0.23392137998561208,0.0,0.12289780077619662
2025-11-28,0.002378000046475029,0.002428000194369054,0.0024309999843818903,0.0022700001554323197,149801.0000000001,-0.22532848053782153,0.0,0.12289780077619662
2025-11-29,0.0021950000500066042,0.002378000046475029,0.0023870001150054694,0.0021950000500066042,1e-10,-0.16740524038828788,0.0,0.12289780077619662
2025-11-30,0.0022820000139755965,0.0021950000500066042,0.0022820000139755965,0.002137000074027276,1e-10,-0.2064433939205075,0.0,0.12289780077619662
2025-12-01,0.0019650001613182783,0.0022820000139755965,0.0022820000139755965,0.0018610000679028988,18722.0000000001,-0.0850864422573474,0.0,0.12289780077619662
2025-12-02,0.002014000068767166,0.0019650001613182783,0.0020490001024437905,0.0018550001386312604,14273.0000000001,-0.11398133593570531,0.0,0.12289780077619662
2025-12-03,0.0021150001393390656,0.002014000068767166,0.002457000182358718,0.0017820000484345317,109042.0000000001,-0.16348900738291652,0.0,0.12289780077619662
2025-12-04,0.0021200001774115324,0.0021150001393390656,0.002247000213129616,0.002016000083996153,137844.0000000001,-0.17264153866521756,0.0,0.12289780077619662
2025-12-05,0.0020639999838305474,0.0021200001774115324,0.0021730001153183937,0.001943000110214746,1e-10,-0.15741714611027915,0.0,0.12289780077619662
2025-12-06,0.001985000080777502,0.0020639999838305474,0.002221000015152788,0.001985000080777502,10718.0000000001,-0.13089730382431933,0.0,0.12289780077619662
2025-12-07,0.0021960000576210976,0.001985000080777502,0.002357000119401312,0.0019280001124126673,29613.0000000001,-0.22229317249198507,0.0,0.12289780077619662
2025-12-08,0.0021269999978823424,0.0021960000576210976,0.002302000166265464,0.001880000096162951,1e-10,-0.2048003305368203,0.0,0.12289780077619662
2025-12-09,0.0021200001774115324,0.0021269999978823424,0.0023840000921619892,0.002087000158963895,73033.0000000001,-0.21005270992330768,0.0,0.12289780077619662
2025-12-10,0.002145000134943223,0.0021200001774115324,0.002211000171838498,0.002087000158963895,1e-10,-0.22658554631398117,0.0,0.12289780077619662
2025-12-11,0.0018980001168085099,0.002145000134943223,0.002145000134943223,0.001639000123715198,27705.0000000001,-0.13281924126084865,0.0,0.12289780077619662
2025-12-12,0.001914000122225082,0.0018980001168085099,0.0019240000819546938,0.0015960001455379486,1e-10,-0.14726757871990848,0.0,0.12289780077619662
2025-12-13,0.0017860000788925052,0.001914000122225082,0.001922000066725707,0.0017630001365898013,1e-10,-0.09278514159405835,0.0,0.12289780077619662
2025-12-14,0.0016760000562054873,0.0017860000788925052,0.0018120000440386892,0.001673000149777329,1e-10,-0.03958866525074268,1.0,0.4385510996119017
2025-12-15,0.0015040001434964896,0.0016760000562054873,0.0017180001431835652,0.001487000130465424,53356.0000000001,0.06496957647576777,1.0,0.4385510996119017
2025-12-16,0.0014160000554976821,0.0015040001434964896,0.0015650001423192978,0.0013640001252053142,70451.0000000001,0.12611897614446663,1.0,0.4385510996119017
2025-12-17,0.0014100001262260437,0.0014160000554976821,0.001421000093570149,0.0012870001209659338,8399.0000000001,0.1256608459249882,1.0,0.4385510996119017
2025-12-18,0.0015040001434964896,0.0014100001262260437,0.0015930001226944685,0.0013880000751225114,7402.0000000001,0.048778985479704134,1.0,0.4385510996119017
2025-12-19,0.001639000123715198,0.0015040001434964896,0.0016400001313296914,0.0014930000597370625,47932.0000000001,-0.045506061698942626,1.0,0.4385510996119017
2025-12-20,0.0016170000726116658,0.001639000123715198,0.0016680001117048622,0.0015650001423192978,1e-10,-0.03993283796337435,1.0,0.4385510996119017
2025-12-21,0.0016790000790489674,0.0016170000726116658,0.0016790000790489674,0.0016070001128820539,1e-10,-0.08298073401723946,0.0,0.12289780077619662
2025-12-22,0.0017580000985173345,0.0016790000790489674,0.0017690000658614397,0.0016790000790489674,2693.0000000001,-0.13194598080005474,0.0,0.12289780077619662
2025-12-23,0.0015920001150799752,0.0017580000985173345,0.001838000125600195,0.0015560000737888575,1e-10,-0.04862788669710058,1.0,0.4385510996119017
2025-12-24,0.0014640000717473984,0.0015920001150799752,0.0015920001150799752,0.0014540001120177865,4107.0000000001,0.027996615722838375,1.0,0.4385510996119017
2025-12-25,0.0014930000597370625,0.0014640000717473984,0.0015120000879971147,0.0014640000717473984,1e-10,0.0011830396895722193,1.0,0.4385510996119017
2025-12-26,0.0014360000913722277,0.0014930000597370625,0.0014930000597370625,0.001421000093570149,1e-10,0.03592230393027887,1.0,0.4385510996119017
2025-12-27,0.001615000057382679,0.0014360000913722277,0.0017680000582469464,0.0014360000913722277,40724.0000000001,-0.08482969456969987,0.0,0.12289780077619662
2025-12-28,0.0016000000595806003,0.001615000057382679,0.0016500000910593033,0.0015700000639764428,4216.0000000001,-0.08154218158812927,0.0,0.12289780077619662
2025-12-29,0.0015770001172778964,0.0016000000595806003,0.0016740001573918224,0.0015170001260695815,1e-10,-0.07218210534836511,0.0,0.12289780077619662
2025-12-30,0.0016040000900385738,0.0015770001172778964,0.0016480000758303166,0.0015570000814033509,1e-10,-0.09316804518537246,0.0,0.12289780077619662
2025-12-31,0.0015010001206530094,0.0016040000900385738,0.0016350000932572246,0.0015010001206530094,8306.0000000001,-0.03637402910295777,1.0,0.4385510996119017
2026-01-01,0.0014320000609142542,0.0015010001206530094,0.0015430000912157655,0.0013750000925494194,1e-10,0.00465250176463752,1.0,0.4385510996119017
2026-01-02,0.0015620001194758177,0.0014320000609142542,0.0016000000595806003,0.0014320000609142542,7232.0000000001,-0.08472322347113126,0.0,0.12289780077619662
2026-01-03,0.0015490001369027257,0.0015620001194758177,0.0015640001347048045,0.0015360001543296337,1190.0000000001,-0.08281004310847367,0.0,0.12289780077619662
2026-01-04,0.0016420001465586782,0.0015490001369027257,0.001691000054007566,0.0015490001369027257,1e-10,-0.14123576577831987,0.0,0.12289780077619662
2026-01-05,0.0020959999946636916,0.0016420001465586782,0.0020959999946636916,0.0016420001465586782,16724.0000000001,-0.3347129613370135,0.0,0.12289780077619662
2026-01-06,0.001987000096006489,0.0020959999946636916,0.002354000096557832,0.001927000104798174,25738.0000000001,-0.3054333653363428,0.0,0.12289780077619662
2026-01-07,0.0030960001585764647,0.001987000096006489,0.0036239999880773783,0.001987000096006489,72121.0000000001,-0.5635759661816916,-1.0,0.4385510996119017
2026-01-08,0.003315000196336007,0.003115000070421195,0.0033910000765455723,0.0029770001837743283,99689.0000000001,-0.6017825422983707,-1.0,0.4385510996119017
2026-01-09,0.0028930000098181725,0.003315000196336007,0.003382000008015132,0.002714000043807721,38678.0000000001,-0.5527538332902814,-1.0,0.4385510996119017
2026-01-10,0.002776000050245023,0.0028930000098181725,0.0029380001196397305,0.0027660002069307328,1e-10,-0.5429797051794231,-1.0,0.4385510996119017
2026-01-11,0.0028690000599009753,0.002776000050245023,0.0028690000599009753,0.002776000050245023,1e-10,-0.5671418083388785,-1.0,0.4385510996119017
2026-01-12,0.002887000196961856,0.0028690000599009753,0.002976000176159835,0.002740000008953905,8934.0000000001,-0.5796652386173307,-1.0,0.4385510996119017
2026-01-13,0.003194000206304884,0.002887000196961856,0.0033360001234097243,0.0028800001436604023,19920.0000000001,-0.6301588321714102,-1.0,0.4385510996119017
2026-01-14,0.0032020000343901873,0.00317500006162951,0.0032180001562220812,0.0030590001096708536,10174.0000000001,-0.6411617656689,-1.0,0.4385510996119017
2026-01-15,0.002911000146879053,0.0032020000343901873,0.0032020000343901873,0.0029070001164210797,10094.0000000001,-0.61530157087217,-1.0,0.4385510996119017
2026-01-16,0.00240900004969368,0.002911000146879053,0.0029360001044107437,0.002386000107390976,18566.0000000001,-0.5446997892088907,-1.0,0.4385510996119017
2026-01-17,0.0025820002028478146,0.00240900004969368,0.002624000056995249,0.0024080000420791865,9956.0000000001,-0.5849789410034923,-1.0,0.4385510996119017
2026-01-18,0.0025470001691711903,0.0025820002028478146,0.002619000018922782,0.002305000189108944,2554.0000000001,-0.5890607342431603,-1.0,0.4385510996119017
2026-01-19,0.0022980001358074904,0.0025470001691711903,0.0025470001691711903,0.0022799999987466097,16793.0000000001,-0.5539147603745189,-1.0,0.4385510996119017
2026-01-20,0.001977000019861555,0.0022980001358074904,0.0022990001434219838,0.0019630001460892916,9639.0000000001,-0.49007085872678274,-1.0,0.4385510996119017
2026-01-21,0.0020920001970363617,0.001977000019861555,0.002100000025121665,0.0018920000711215496,2372.0000000001,-0.5275881126574643,-1.0,0.4385510996119017
2026-01-22,0.0021430001197142363,0.0020920001970363617,0.002200000088079071,0.0020920001970363617,7461.0000000001,-0.548321025185721,-1.0,0.4385510996119017
2026-01-23,0.0020360000034553767,0.0021430001197142363,0.0022090001566095114,0.00203000019059906,8249.0000000001,-0.5343109512651111,-1.0,0.4385510996119017
2026-01-24,0.0019600001232458115,0.0020360000034553767,0.002085000143734908,0.0019600001232458115,11278.0000000001,-0.5257553723618539,-1.0,0.4385510996119017
2026-01-25,0.0017080000670386315,0.0019600001232458115,0.001972000214619732,0.0016960000920800329,8149.0000000001,-0.4652437615669559,-1.0,0.4385510996119017
2026-01-26,0.0018110001528395176,0.0017080000670386315,0.00184600007010082,0.0017080000670386315,2027.0000000001,-0.5050090855407642,-1.0,0.4385510996119017
2026-01-27,0.0017890001017359853,0.0018110001528395176,0.0018120000440386892,0.001675000048590994,9777.0000000001,-0.5081486429969384,-1.0,0.4385510996119017
2026-01-28,0.0016110001433400274,0.0017890001017359853,0.0017890001017359853,0.001576000109663403,8350.0000000001,-0.4627036669211208,-1.0,0.4385510996119017
2026-01-29,0.0013270000762997032,0.0016110001433400274,0.0016110001433400274,0.0012170000536126852,22412.0000000001,-0.35575802047879523,0.0,0.12289780077619662
2026-01-30,0.0013390000512583018,0.0013270000762997032,0.0013470001121742487,0.0012640000622479081,8020.0000000001,-0.3693684714087434,0.0,0.12289780077619662
2026-01-31,0.0014220001011846423,0.0013370001524446369,0.0014220001011846423,0.001146000095060265,12827.0000000001,-0.4148720471441672,-1.0,0.4385510996119017
2026-02-01,0.0011830001439658761,0.0014220001011846423,0.0014270001392571092,0.001180000121122396,11310.0000000001,-0.30462946160784155,0.0,0.12289780077619662
2026-02-02,0.0012930000502375722,0.0011830001439658761,0.0013180001241845847,0.0011580000700188637,7476.0000000001,-0.3712598053948408,0.0,0.12289780077619662
2026-02-03,0.0012910001514239073,0.0012930000502375722,0.0013500001350177288,0.0012340000666437507,1561.0000000001,-0.37698554856671207,0.0,0.12289780077619662
2026-02-04,0.001154000155976212,0.0012910001514239073,0.001308000048039651,0.0010500000625608325,12417.0000000001,-0.30767069935507463,0.0,0.12289780077619662
2026-02-05,0.0009290000725297094,0.001154000155976212,0.0011660001309348107,0.0008770000840296805,11656.0000000001,-0.1451497654036636,0.0,0.12289780077619662
2026-02-06,0.0012000001569969416,0.0009290000725297094,0.0012100001167265535,0.0009260001078938902,10360.0000000001,-0.34417752083892744,0.0,0.12289780077619662
2026-02-07,0.0011000000940395356,0.0012000001569969416,0.0012000001569969416,0.0010710001060498715,57615.0000000001,-0.29116882806259,0.0,0.12289780077619662
2026-02-08,0.00113800015055964,0.0011000000940395356,0.001159000077633357,0.0010990000864250422,1357.0000000001,-0.3203615683091602,0.0,0.12289780077619662
2026-02-09,0.0011130000766126275,0.00113800015055964,0.00113800015055964,0.0010810000657794834,1432.0000000001,-0.31166496165486296,0.0,0.12289780077619662
2026-02-10,0.0009900000713525176,0.0011130000766126275,0.0011160000994561077,0.0009820001268518925,3296.0000000001,-0.23227073818640057,0.0,0.12289780077619662
2026-02-11,0.0009720001089146197,0.0009900000713525176,0.0009920000865815044,0.0009140000747276306,1203.0000000001,-0.22366523161524826,0.0,0.12289780077619662
2026-02-12,0.0010090000996125698,0.0009720001089146197,0.0010360000723732472,0.0009720001089146197,1356.0000000001,-0.2579769099237687,0.0,0.12289780077619662
2026-02-13,0.0010020000463111163,0.0010090000996125698,0.0010180000517276883,0.0009590001263415277,3454.0000000001,-0.25853483887500867,0.0,0.12289780077619662
2026-02-14,0.0010690000908208847,0.0010020000463111163,0.0011020001092685223,0.0009980001322684646,4888.0000000001,-0.3110687200444068,0.0,0.12289780077619662
2026-02-15,0.0010000001474974513,0.0010690000908208847,0.0010730001212788582,0.0009890000637380243,1239.0000000001,-0.2695974386332346,0.0,0.12289780077619662
2026-02-16,0.000957000111112541,0.0010000001474974513,0.0010050000691545964,0.0009450000779462815,1187.0000000001,-0.24170501405369926,0.0,0.12289780077619662
2026-02-17,0.0009850001496953726,0.000957000111112541,0.000986000157309866,0.0009430001209249556,1218.0000000001,-0.2686004744882293,0.0,0.12289780077619662
2026-02-18,0.0009430001209249556,0.0009850001496953726,0.0009980001322684646,0.0009310000877586961,1147.0000000001,-0.24054208600772475,0.0,0.12289780077619662
2026-02-19,0.0009480001007897616,0.0009430001209249556,0.0009680000784566462,0.000936000125831163,1144.0000000001,-0.24994520524927394,0.0,0.12289780077619662
2026-02-20,0.0009160000899566174,0.0009480001007897616,0.0009540000882690609,0.0009000000845400453,2361.0000000001,-0.2289598986084794,0.0,0.12289780077619662
2026-02-21,0.0009130001253207982,0.0009160000899566174,0.0009370000752379954,0.0009080000872483313,1016.0000000001,-0.23133385970689954,0.0,0.12289780077619662
2026-02-22,0.0008620000862276018,0.0009130001253207982,0.0009250001002793968,0.0008580001139772892,1022.0000000001,-0.19036067316446198,0.0,0.12289780077619662
2026-02-23,0.0008600000709986151,0.0008620000862276018,0.0008770000840296805,0.0007950000999254942,9999.0000000001,-0.19320444539990647,0.0,0.12289780077619662
2026-02-24,0.0008340001058524311,0.0008600000709986151,0.0009170000975711108,0.0008170000928213656,974.0000000001,-0.17203900117739312,0.0,0.12289780077619662
2026-02-25,0.0009350001182166696,0.0008340001058524311,0.000957000111112541,0.0008110001053420663,4254.0000000001,-0.26596293143803235,0.0,0.12289780077619662
2026-02-26,0.0008920000818317592,0.0009350001182166696,0.0009470000931752682,0.0008800001068731606,1013.0000000001,-0.23471258455375016,0.0,0.12289780077619662
2026-02-27,0.0008530000759048224,0.0008920000818317592,0.0009080000872483313,0.0008430001161752105,1187.0000000001,-0.20352915962222584,0.0,0.12289780077619662
2026-02-28,0.0008740001193938613,0.0008530000759048224,0.0008780000916441739,0.0008250000955296517,1392.0000000001,-0.22722816984467467,0.0,0.12289780077619662
2026-03-01,0.0008570001063627959,0.0008740001193938613,0.0009260001078938902,0.0008520001264979899,1189.0000000001,-0.21638455784930438,0.0,0.12289780077619662
2026-03-02,0.0008930000894462526,0.0008570001063627959,0.0009010000921545387,0.0008470000884255231,275.0000000001,-0.2522359994369312,0.0,0.12289780077619662
2026-03-03,0.0008670001243000687,0.0008930000894462526,0.0008930000894462526,0.0008480000960400164,2156.0000000001,-0.23352659004548193,0.0,0.12289780077619662
2026-03-04,0.0008400000933317304,0.0008670001243000687,0.000902000099769032,0.0008400000933317304,6742.0000000001,-0.21209028742624605,0.0,0.12289780077619662
2026-03-05,0.0007480000912902713,0.0008400000933317304,0.0008530000759048224,0.0007480000912902713,11143.0000000001,-0.11700464594280281,0.0,0.12289780077619662
2026-03-06,0.0006420000990612269,0.0007480000912902713,0.0007480000912902713,0.0006380001268109143,1786.0000000001,0.02890722745383111,1.0,0.4385510996119017
2026-03-07,0.0006940000875612557,0.0006420000990612269,0.0006950000951757491,0.0006420000990612269,1775.0000000001,-0.04930946654207132,1.0,0.4385510996119017
2026-03-08,0.0006970001104047358,0.0006940000875612557,0.0007140001234358013,0.0006680001224150718,1805.0000000001,-0.056065902528542856,1.0,0.4385510996119017
2026-03-09,0.0007080000777488411,0.0006970001104047358,0.0007260000983943999,0.0006670001148005784,2385.0000000001,-0.07333624173051675,0.0,0.12289780077619662
2026-03-10,0.0007100000929778278,0.0007080000777488411,0.0007330000934881926,0.0007020000902695418,2455.0000000001,-0.07925735550132496,0.0,0.12289780077619662
2026-03-11,0.0007250000907799065,0.0007100000929778278,0.0007250000907799065,0.0006990001256337226,1e-10,-0.10153156218306246,0.0,0.12289780077619662
2026-03-12,0.0007060001207275153,0.0007250000907799065,0.0007720000994151295,0.0007040001054985285,1e-10,-0.08068138779719994,0.0,0.12289780077619662
2026-03-13,0.0008830000715089798,0.0007060001207275153,0.0009500001160187483,0.0007060001207275153,1e-10,-0.2706534469908257,0.0,0.12289780077619662
2026-03-14,0.0008770000840296805,0.0008830000715089798,0.0008830000715089798,0.0008620000862276018,1e-10,-0.2702838662835995,0.0,0.12289780077619662
2026-03-15,0.0009480001007897616,0.0008770000840296805,0.0009610000833628536,0.0008770000840296805,4605.0000000001,-0.3306345576295761,0.0,0.12289780077619662
2026-03-16,0.0010870001114664436,0.0009480001007897616,0.0011050001321120024,0.0009480001007897616,4798.0000000001,-0.4230397097973118,-1.0,0.4385510996119017
2026-03-17,0.0009410001056959689,0.0010870001114664436,0.001109000046154654,0.0009410001056959689,1e-10,-0.3400361657899256,0.0,0.12289780077619662
2026-03-18,0.000873000111779368,0.0009410001056959689,0.0009410001056959689,0.000873000111779368,1e-10,-0.29441693574493444,0.0,0.12289780077619662
2026-03-19,0.0008360001210814178,0.000873000111779368,0.0008750001270083547,0.0008290001259876252,1e-10,-0.26951161060104495,0.0,0.12289780077619662
2026-03-20,0.0008690000813213945,0.0008360001210814178,0.0008800001068731606,0.0008360001210814178,1e-10,-0.3045148055968384,0.0,0.12289780077619662
2026-03-21,0.0008610000786131084,0.0008690000813213945,0.0008760000764151872,0.0008360001210814178,1e-10,-0.30482524136888384,0.0,0.12289780077619662
2026-03-22,0.0008230000803006649,0.0008610000786131084,0.0008610000786131084,0.0008230000803006649,761.0000000001,-0.27776110619391536,0.0,0.12289780077619662
2026-03-23,0.0008910000742172659,0.0008230000803006649,0.0008910000742172659,0.0008210001232793391,1e-10,-0.33844941246721694,0.0,0.12289780077619662
2026-03-24,0.0008830000715089798,0.0008910000742172659,0.0008910000742172659,0.0008660001166855753,930.0000000001,-0.3382506313490879,0.0,0.12289780077619662
2026-03-25,0.0008680000737069011,0.0008830000715089798,0.0008970001199042261,0.0008680000737069011,1105.0000000001,-0.3313633185798966,0.0,0.12289780077619662
2026-03-26,0.0009220000774359167,0.0008680000737069011,0.0009220000774359167,0.0008200001156648457,1e-10,-0.3752288786504728,0.0,0.12289780077619662
2026-03-27,0.0008750001270083547,0.0009220000774359167,0.0009220000774359167,0.0008750001270083547,1e-10,-0.34662710939524216,0.0,0.12289780077619662
2026-03-28,0.0008360001210814178,0.0008750001270083547,0.0008750001270083547,0.000831000083008951,1e-10,-0.3210091536029503,0.0,0.12289780077619662
2026-03-29,0.0008040001102482736,0.0008360001210814178,0.0008360001210814178,0.0007980001227689743,1e-10,-0.29866900373600225,0.0,0.12289780077619662
2026-03-30,0.0007030000978840351,0.0008040001102482736,0.0008280001183731318,0.0006110000958425761,12824.0000000001,-0.20058746370405922,0.0,0.12289780077619662
2026-03-31,0.0007120001082068146,0.0007030000978840351,0.0007360001163316727,0.0006950000951757491,1e-10,-0.2142857254337596,0.0,0.12289780077619662
2026-04-01,0.0007170000880716205,0.0007120001082068146,0.0007220001261440873,0.0007120001082068146,1e-10,-0.22318823715564054,0.0,0.12289780077619662
2026-04-02,0.0006670001148005784,0.0007170000880716205,0.0007170000880716205,0.0006640000919570983,1198.0000000001,-0.1676629423832424,0.0,0.12289780077619662
2026-04-03,0.0006350001039674342,0.0006670001148005784,0.0006670001148005784,0.0006310000735094607,1e-10,-0.12798855518942578,0.0,0.12289780077619662
2026-04-04,0.0006390000762177468,0.0006350001039674342,0.0006420000990612269,0.0006320000811239541,1e-10,-0.1363331206091266,0.0,0.12289780077619662
2026-04-05,0.0006280001088736415,0.0006390000762177468,0.0006390000762177468,0.0006280001088736415,1e-10,-0.12490695483385789,0.0,0.12289780077619662
2026-04-06,0.0006380001268109143,0.0006280001088736415,0.0006750001175088644,0.0006280001088736415,1587.0000000001,-0.14216508358546176,0.0,0.12289780077619662
2026-04-07,0.0006700000794363976,0.0006380001268109143,0.0006700000794363976,0.0006110000958425761,3026.0000000001,-0.1873424855967683,0.0,0.12289780077619662
2026-04-08,0.0005640000872073531,0.0006700000794363976,0.0006700000794363976,0.0005020000807700515,10985.0000000001,-0.03767152907950018,1.0,0.4385510996119017
2026-04-09,0.000577000127988106,0.0005640000872073531,0.000590000110561198,0.0005500000970197678,3995.0000000001,-0.06259429995327627,0.0,0.12289780077619662
2026-04-10,0.0005110000910928309,0.000577000127988106,0.0005780000773949385,0.0004940000780617655,1e-10,0.05629401495837353,1.0,0.4385510996119017
2026-04-11,0.0005260000888949097,0.0005110000910928309,0.0005310001269673765,0.0005080001264570117,1e-10,0.023554411266353277,1.0,0.4385510996119017
2026-04-12,0.0004640001115614384,0.0005260000888949097,0.000590000110561198,0.00046300010394694505,8006.0000000001,0.15853109149267774,1.0,0.4385510996119017
2026-04-13,0.0005070001188425184,0.0004600001102072954,0.0005070001188425184,0.00045300008600967226,496.0000000001,0.05778832251038268,1.0,0.4385510996119017
2026-04-14,0.0005180000861866236,0.0005070001188425184,0.0005380001220611692,0.0005070001188425184,1e-10,0.032426812204638736,1.0,0.4385510996119017
2026-04-15,0.0005070001188425184,0.0005180000861866236,0.0005390000714680016,0.0005070001188425184,1299.0000000001,0.055547939454318525,0.0,0.12289780077619662
2026-04-16,0.0005050001036135316,0.0005070001188425184,0.0005130001063218177,0.0005000001237487257,425.0000000001,0.06052473725676787,0.0,0.12289780077619662
2026-04-17,0.0005310001269673765,0.0005050001036135316,0.0005310001269673765,0.0004840000892283231,1e-10,0.00871310304568318,0.0,0.12289780077619662
2026-04-18,0.00047000009904073773,0.0005310001269673765,0.0005310001269673765,0.0004670001053010881,2624.0000000001,0.1415440036417332,0.0,0.12289780077619662
2026-04-19,0.0004570000873638153,0.00047000009904073773,0.0004710001066552311,0.0004570000873638153,1e-10,0.17643373960526912,0.0,0.12289780077619662
2026-04-20,0.0005490000894052744,0.0004570000873638153,0.000577000127988106,0.00045200010749900935,20988.0000000001,-0.02100168181153008,0.0,0.12289780077619662
2026-04-21,0.0006250000860301614,0.0005490000894052744,0.0006730001022798777,0.0005370001144466758,1e-10,-0.14204855860133228,0.0,0.12289780077619662
2026-04-22,0.0007410000961964786,0.0006250000860301614,0.0008740001193938613,0.0006250000860301614,28111.0000000001,-0.2803619293379849,0.0,0.12289780077619662
2026-04-23,0.0005600001149570406,0.0007410000961964786,0.0007410000961964786,0.0005600001149570406,5815.0000000001,-0.04846707606950505,0.0,0.12289780077619662
2026-04-24,0.0006480000865405262,0.0005600001149570406,0.0006670001148005784,0.0005470000741762877,1e-10,-0.1803396106579629,0.0,0.12289780077619662
2026-04-25,0.000540000079082495,0.0006480000865405262,0.0006480000865405262,0.000540000079082495,4687.0000000001,-0.01665611383291821,0.0,0.12289780077619662
2026-04-26,0.0006540000740198255,0.000540000079082495,0.0006540000740198255,0.0005110000910928309,1e-10,-0.19095798311802498,0.0,0.12289780077619662
2026-04-27,0.0005500000970197678,0.0006540000740198255,0.0006540000740198255,0.0005410000866969884,1e-10,-0.038568893245085584,0.0,0.12289780077619662
2026-04-28,0.0005230001242590905,0.0005500000970197678,0.0005500000970197678,0.0005230001242590905,1537.0000000001,0.011240802592891917,0.0,0.12289780077619662
2026-04-29,0.0005520001122487545,0.0005230001242590905,0.0005730000975301326,0.0005230001242590905,1e-10,-0.04256153544921306,0.0,0.12289780077619662
2026-04-30,0.0005550000768845737,0.0005520001122487545,0.0005720000899156392,0.0005520001122487545,1e-10,-0.04851938849124752,0.0,0.12289780077619662
2026-05-01,0.0005590001073425472,0.0005550000768845737,0.0005600001149570406,0.0005440001095404685,896.0000000001,-0.056250019740970006,0.0,0.12289780077619662
2026-05-02,0.0005700000746866525,0.0005590001073425472,0.0005700000746866525,0.0005020000807700515,1e-10,-0.07572476481217795,0.0,0.12289780077619662
2026-05-03,0.0005330000839887023,0.0005700000746866525,0.0005700000746866525,0.0005330000839887023,1e-10,-0.011762447023476593,0.0,0.12289780077619662
2026-05-04,0.0005940000828115106,0.0005330000839887023,0.0006120001034570694,0.0005290001117383898,1e-10,-0.11523493180294458,0.0,0.12289780077619662
2026-05-05,0.0005800000926239252,0.0005940000828115106,0.00060300009313429,0.0005780000773949385,1e-10,-0.09555495095015262,0.0,0.12289780077619662
2026-05-06,0.0006150001263005495,0.0005800000926239252,0.0006310000735094607,0.0005800000926239252,1e-10,-0.14970070766401694,0.0,0.12289780077619662
2026-05-07,0.0005540001274777413,0.0006150001263005495,0.0006150001263005495,0.0005540001274777413,3233.0000000001,-0.057114140703358345,0.0,0.12289780077619662
2026-05-08,0.0005480000817907811,0.0005540001274777413,0.0005630000795928598,0.0005480000817907811,885.0000000001,-0.04767333345753533,0.0,0.12289780077619662
2026-05-09,0.0005680001176653266,0.0005480000817907811,0.0005680001176653266,0.0005480000817907811,1e-10,-0.08276767592945705,0.0,0.12289780077619662
2026-05-10,0.0005630000795928598,0.0005680001176653266,0.00056900012527982,0.0005580000997280538,1e-10,-0.07608484838577255,0.0,0.12289780077619662
2026-05-11,0.0005470000741762877,0.0005630000795928598,0.0005630000795928598,0.0005370001144466758,1e-10,-0.050041095461845354,0.0,0.12289780077619662
2026-05-12,0.0005780000773949385,0.0005470000741762877,0.0005780000773949385,0.0005380001220611692,3934.0000000001,-0.10305148546523701,0.0,0.12289780077619662
2026-05-13,0.0006120001034570694,0.0005780000773949385,0.0006410000914467335,0.0005780000773949385,1e-10,-0.1560670380020569,0.0,0.12289780077619662
2026-05-14,0.000608000072999096,0.0006120001034570694,0.0006170000833218754,0.0005890001029467047,1e-10,-0.1537172475971821,0.0,0.12289780077619662
2026-05-15,0.00060300009313429,0.000608000072999096,0.000608000072999096,0.0005990001208839774,1e-10,-0.14988913641776133,0.0,0.12289780077619662
2026-05-16,0.0005670001100508333,0.00060300009313429,0.00060300009313429,0.0005630000795928598,1e-10,-0.09804528914104679,0.0,0.12289780077619662
2026-05-17,0.000561000122571534,0.0005670001100508333,0.0005670001100508333,0.0005380001220611692,1e-10,-0.09040779737569767,0.0,0.12289780077619662
2026-05-18,0.0006000001284984708,0.000561000122571534,0.0006000001284984708,0.000540000079082495,2714.0000000001,-0.15300876874004013,0.0,0.12289780077619662
2026-05-19,0.0006190000985508621,0.0006110000958425761,0.0006320000811239541,0.0005980001132694841,1e-10,-0.18326891085477678,0.0,0.12289780077619662
2026-05-20,0.0006330000887384475,0.0006190000985508621,0.0006400000838322401,0.0006190000985508621,863.0000000001,-0.20624300914552876,0.0,0.12289780077619662
2026-05-21,0.0006430001066757202,0.0006330000887384475,0.0006480000865405262,0.0006330000887384475,1e-10,-0.2240523093595021,0.0,0.12289780077619662
2026-05-22,0.0006480000865405262,0.0006430001066757202,0.0006650000995715916,0.0006430001066757202,1120.0000000001,-0.2359379857152381,0.0,0.12289780077619662
2026-05-23,0.0006340000963529408,0.0006480000865405262,0.0006740001098943711,0.0006090000806135893,3257.0000000001,-0.224830859413504,0.0,0.12289780077619662
2026-05-24,0.0005540001274777413,0.0006340000963529408,0.0006430001066757202,0.0005540001274777413,1e-10,-0.11594429206243598,0.0,0.12289780077619662
2026-05-25,0.0005660001024363399,0.0005540001274777413,0.0005670001100508333,0.0005540001274777413,1e-10,-0.13842880240971944,0.0,0.12289780077619662
2026-05-26,0.0005290001117383898,0.0005660001024363399,0.0005730000975301326,0.0005200001014156103,1e-10,-0.08040105816275028,0.0,0.12289780077619662
2026-05-27,0.0005450001171549619,0.0005290001117383898,0.0005560000844990671,0.0005260000888949097,1e-10,-0.1105572450086901,0.0,0.12289780077619662
2026-05-28,0.0005250000812804163,0.0005450001171549619,0.0005450001171549619,0.0005050001036135316,1e-10,-0.0789970934234469,0.0,0.12289780077619662
2026-05-29,0.0004960000932907522,0.0005250000812804163,0.000527000096509403,0.0004920001210404396,1e-10,-0.025934034568427158,0.0,0.12289780077619662
2026-05-30,0.0005650000948218465,0.0004960000932907522,0.0005650000948218465,0.0004960000932907522,1e-10,-0.14956466252387637,0.0,0.12289780077619662
2026-05-31,0.000532000076374209,0.0005650000948218465,0.0005650000948218465,0.000532000076374209,1129.0000000001,-0.10003913152415453,0.0,0.12289780077619662
2026-06-01,0.0005170000785721302,0.000532000076374209,0.000532000076374209,0.0005110000910928309,1e-10,-0.07647732819860446,0.0,0.12289780077619662
2026-06-02,0.00046900009142624436,0.0005170000785721302,0.0005170000785721302,0.00046900009142624436,1e-10,0.018685280045563312,0.0,0.12289780077619662
2026-06-03,0.0004840000892283231,0.00046900009142624436,0.0004900001058114529,0.0004370001096969306,5144.0000000001,-0.013362783078659343,0.0,0.12289780077619662
2026-06-04,0.0004290001069886446,0.0004840000892283231,0.0004840000892283231,0.0004010000975096434,1e-10,0.1174802450904652,0.0,0.12289780077619662
2026-06-05,0.00038300010596791504,0.0004290001069886446,0.0004290001069886446,0.00036200009158270655,1e-10,0.261762366848078,0.0,0.12289780077619662
2026-06-06,0.0004120000939575791,0.00038300010596791504,0.0004120000939575791,0.00036200009158270655,1e-10,0.180155241505755,0.0,0.12289780077619662
2026-06-07,0.0005040000959990383,0.0004120000939575791,0.0005040000959990383,0.0004120000939575791,2592.0000000001,-0.03680340325212311,0.0,0.12289780077619662
2026-06-08,0.0005090000758638442,0.0005040000959990383,0.0005170000785721302,0.0005010000731555581,1e-10,-0.04836797728930124,0.0,0.12289780077619662
2026-06-09,0.0004890000981969595,0.0005090000758638442,0.0005090000758638442,0.00048300011071766017,1e-10,-0.009896297176518621,0.0,0.12289780077619662
2026-06-10,0.0005640000872073531,0.0004890000981969595,0.0005890001029467047,0.0004770000941345304,4766.0000000001,-0.14863695767539237,0.0,0.12289780077619662
2026-06-11,0.0005880000953322113,0.0005640000872073531,0.0006570000968633056,0.0005640000872073531,1e-10,-0.19303840173349207,0.0,0.12289780077619662
2026-06-12,0.0005410000866969884,0.0005880000953322113,0.0005880000953322113,0.0005410000866969884,1e-10,-0.1297622585797156,0.0,0.12289780077619662
2026-06-13,0.0005230001242590905,0.0005410000866969884,0.0005700000746866525,0.0005230001242590905,2871.0000000001,-0.10568276633797509,0.0,0.12289780077619662
2026-06-14,0.000514000113936311,0.0005230001242590905,0.0005230001242590905,0.000514000113936311,1e-10,-0.09564996623049804,0.0,0.12289780077619662
2026-06-15,0.0005580000997280538,0.000514000113936311,0.0005880000953322113,0.000514000113936311,1e-10,-0.178091411828207,0.0,0.12289780077619662
2026-06-16,0.0005150001215508044,0.0005580000997280538,0.0005580000997280538,0.000514000113936311,1e-10,-0.11728507742450114,0.0,0.12289780077619662
2026-06-17,0.0005280001041238964,0.0005150001215508044,0.0005360001068321824,0.0004940000780617655,1e-10,-0.1497122948155588,0.0,0.12289780077619662
2026-06-18,0.0005280001041238964,0.0005280001041238964,0.0005480000817907811,0.0005180000861866236,1e-10,-0.16218831938352207,0.0,0.12289780077619662
2026-06-19,0.0005240000736659229,0.0005280001041238964,0.0005410000866969884,0.000519000093801117,1e-10,-0.16995573965586244,0.0,0.12289780077619662
2026-06-20,0.0004970001009052456,0.0005240000736659229,0.0005240000736659229,0.0004820001031031668,1926.0000000001,-0.13734912123414295,0.0,0.12289780077619662
2026-06-21,0.0004490001137593597,0.0004970001009052456,0.0005050001036135316,0.0004490001137593597,2357.0000000001,-0.05014235488959135,0.0,0.12289780077619662
2026-06-22,0.0004640001115614384,0.0004490001137593597,0.00048500009684281645,0.0004490001137593597,1e-10,-0.09095507384814538,0.0,0.12289780077619662
2026-06-23,0.00045300008600967226,0.0004640001115614384,0.0004640001115614384,0.0004450001124052167,1e-10,-0.07872123804229257,0.0,0.12289780077619662
2026-06-24,0.00043100009311380086,0.00045300008600967226,0.0004610000887179583,0.0004180001105407089,1e-10,-0.036977992799491634,0.0,0.12289780077619662
2026-06-25,0.0004330001083427876,0.00043100009311380086,0.00043800008820759354,0.0004260001132489949,1e-10,-0.04971139822259616,0.0,0.12289780077619662
2026-06-26,0.00042500010563450156,0.0004330001083427876,0.0004330001083427876,0.00042100010428035853,1e-10,-0.039779508698586985,0.0,0.12289780077619662
2026-06-27,0.00042000009666586516,0.00042500010563450156,0.0004330001083427876,0.00042000009666586516,1e-10,-0.037797722371167596,0.0,0.12289780077619662
2026-06-28,0.00040000008989515005,0.00042000009666586516,0.0004290001069886446,0.00040000008989515005,1e-10,0.015468613518947905,0.0,0.12289780077619662
2026-06-29,0.00041000010783242283,0.00040000008989515005,0.00041500008769722877,0.00039800010376999376,475.0000000001,-0.01859791518618681,0.0,0.12289780077619662
2026-06-30,0.0004023749624604195,0.00041033750853890775,0.00041033750853890775,0.0004023749624604195,301.0000000001,0.0,0.0,0.12289780077619662
