Date,Close,epoch_signal
2022-06-01,0.3064459861324859,0
2022-06-02,0.3240959943340851,0
2022-06-03,0.3185670078800751,0
2022-06-04,0.3088890017078949,0
2022-06-05,0.3033879996346069,0
2022-06-06,0.3052040041493011,0
2022-06-07,0.2895910144852234,0
2022-06-08,0.2825829983757568,0
2022-06-09,0.2833150030182434,0
2022-06-10,0.2631570101784302,0
2022-06-11,0.2582739890621734,0
2022-06-12,0.2537820042179657,0
2022-06-13,0.2438410074518753,0
2022-06-14,0.2434089929865432,0
2022-06-15,0.2281569988535476,0
2022-06-16,0.2160079926252365,0
2022-06-17,0.2140460014343261,0
2022-06-18,0.2001779973506927,0
2022-06-19,0.2045249938964843,0
2022-06-20,0.2096009999513626,1
2022-06-21,0.221560999751091,1
2022-06-22,0.2218600064516067,1
2022-06-23,0.2198719978332519,1
2022-06-24,0.2237419933080673,0
2022-06-25,0.2223120033740997,0
2022-06-26,0.2444809973239898,0
2022-06-27,0.2221429944038391,0
2022-06-28,0.2883209884166717,0
2022-06-29,0.2299280017614364,0
2022-06-30,0.2170619964599609,0
2022-07-01,0.2333890050649643,0
2022-07-02,0.2402310073375702,0
2022-07-03,0.2522400021553039,0
2022-07-04,0.2580580115318298,0
2022-07-05,0.2683809995651245,0
2022-07-06,0.2816280126571655,0
2022-07-07,0.2952390015125274,0
2022-07-08,0.3059479892253876,0
2022-07-09,0.3205119967460632,0
2022-07-10,0.3042069971561432,0
2022-07-11,0.3012759983539581,0
2022-07-12,0.2720319926738739,0
2022-07-13,0.2712250053882599,0
2022-07-14,0.2655180096626282,0
2022-07-15,0.2755660116672516,1
2022-07-16,0.2916739881038666,1
2022-07-17,0.2859269976615906,0
2022-07-18,0.288792997598648,1
2022-07-19,0.3026730120182037,1
2022-07-20,0.3140000104904175,1
2022-07-21,0.3135859966278076,1
2022-07-22,0.3000690042972564,1
2022-07-23,0.3107289969921112,1
2022-07-24,0.2982040047645569,1
2022-07-25,0.2825219929218292,1
2022-07-26,0.2727789878845215,1
2022-07-27,0.2836709916591644,1
2022-07-28,0.2940790057182312,1
2022-07-29,0.3068679869174957,0
2022-07-30,0.302513986825943,0
2022-07-31,0.2976079881191253,0
2022-08-01,0.2950049936771393,0
2022-08-02,0.2819539904594421,0
2022-08-03,0.3113049864768982,0
2022-08-04,0.3007029891014099,0
2022-08-05,0.3057740032672882,1
2022-08-06,0.3033379912376404,0
2022-08-07,0.3058060109615326,0
2022-08-08,0.3116970062255859,0
2022-08-09,0.2984139919281006,0
2022-08-10,0.3213259875774383,0
2022-08-11,0.362430989742279,0
2022-08-12,0.3714810013771057,0
2022-08-13,0.3857290148735046,0
2022-08-14,0.3772729933261871,0
2022-08-15,0.3674519956111908,0
2022-08-16,0.354885995388031,0
2022-08-17,0.3477779924869537,0
2022-08-18,0.3595139980316162,0
2022-08-19,0.3531230092048645,-1
2022-08-20,0.3806149959564209,-1
2022-08-21,0.3929609954357147,-1
2022-08-22,0.3913879990577698,-1
2022-08-23,0.3931379914283752,-1
2022-08-24,0.4471260011196136,-1
2022-08-25,0.4333670139312744,-1
2022-08-26,0.3999510109424591,-1
2022-08-27,0.3707210123538971,0
2022-08-28,0.3619329929351806,0
2022-08-29,0.3817940056324005,0
2022-08-30,0.3621729910373688,0
2022-08-31,0.3599840104579925,0
2022-09-01,0.353643000125885,0
2022-09-02,0.3440220057964325,0
2022-09-03,0.3263809978961944,0
2022-09-04,0.3356969952583313,0
2022-09-05,0.3342809975147247,0
2022-09-06,0.3286359906196594,0
2022-09-07,0.3384779989719391,0
2022-09-08,0.340811014175415,0
2022-09-09,0.3415729999542236,0
2022-09-10,0.3386520147323608,0
2022-09-11,0.336694985628128,0
2022-09-12,0.3352549970149994,0
2022-09-13,0.3298909962177276,0
2022-09-14,0.3599419891834259,0
2022-09-15,0.3678930103778839,-1
2022-09-16,0.3561539947986603,-1
2022-09-17,0.3523699939250946,-1
2022-09-18,0.3356150090694427,-1
2022-09-19,0.3380669951438904,-1
2022-09-20,0.3227629959583282,-1
2022-09-21,0.3220939934253692,-1
2022-09-22,0.3249219954013824,-1
2022-09-23,0.3160449862480163,-1
2022-09-24,0.3141649961471557,-1
2022-09-25,0.3077490031719208,-1
2022-09-26,0.3142510056495666,-1
2022-09-27,0.3159619867801666,0
2022-09-28,0.314085990190506,-1
2022-09-29,0.2974959909915924,0
2022-09-30,0.2954809963703155,0
2022-10-01,0.2934800088405609,0
2022-10-02,0.2862359881401062,0
2022-10-03,0.2873019874095917,0
2022-10-04,0.291143000125885,0
2022-10-05,0.2898130118846893,0
2022-10-06,0.2869899868965149,0
2022-10-07,0.2744500041007995,0
2022-10-08,0.2681789994239807,0
2022-10-09,0.2701010107994079,0
2022-10-10,0.2651360034942627,0
2022-10-11,0.2519150078296661,0
2022-10-12,0.2523030042648315,0
2022-10-13,0.2388149946928024,0
2022-10-14,0.2441840022802353,0
2022-10-15,0.2449290007352829,0
2022-10-16,0.2439939975738525,0
2022-10-17,0.2299599945545196,0
2022-10-18,0.2362239956855774,0
2022-10-19,0.2216220051050186,0
2022-10-20,0.2211869955062866,0
2022-10-21,0.2329770028591156,0
2022-10-22,0.2276619970798492,0
2022-10-23,0.224601998925209,0
2022-10-24,0.2216150015592575,0
2022-10-25,0.2275169938802719,0
2022-10-26,0.2277179956436157,-1
2022-10-27,0.2241320013999939,-1
2022-10-28,0.2404280006885528,-1
2022-10-29,0.2413679957389831,-1
2022-10-30,0.2370450049638748,-1
2022-10-31,0.2319830060005188,-1
2022-11-01,0.2332720011472702,-1
2022-11-02,0.2815699875354767,-1
2022-11-03,0.2523829936981201,-1
2022-11-04,0.2806569933891296,-1
2022-11-05,0.273050993680954,-1
2022-11-06,0.2803109884262085,-1
2022-11-07,0.2794049978256225,-1
2022-11-08,0.2584989964962005,-1
2022-11-09,0.2216870039701461,0
2022-11-10,0.2321809977293014,0
2022-11-11,0.2177579998970031,0
2022-11-12,0.2200759947299957,0
2022-11-13,0.2099950015544891,0
2022-11-14,0.2063329964876175,0
2022-11-15,0.2285529971122741,0
2022-11-16,0.2151529937982559,0
2022-11-17,0.2175109982490539,0
2022-11-18,0.2254360020160675,0
2022-11-19,0.2201070040464401,0
2022-11-20,0.2171099931001663,0
2022-11-21,0.2102620005607605,0
2022-11-22,0.2110899984836578,0
2022-11-23,0.2209009975194931,0
2022-11-24,0.1906699985265731,0
2022-11-25,0.2140779942274093,0
2022-11-26,0.2145829945802688,0
2022-11-27,0.2126519978046417,0
2022-11-28,0.2120379954576492,0
2022-11-29,0.2220599949359893,0
2022-11-30,0.2237370014190673,0
2022-12-01,0.2187280058860778,0
2022-12-02,0.2218589931726455,0
2022-12-03,0.2162020057439804,0
2022-12-04,0.2166710048913955,0
2022-12-05,0.2129430025815963,0
2022-12-06,0.2071830034255981,0
2022-12-07,0.1986909955739975,0
2022-12-08,0.1985689997673034,0
2022-12-09,0.1986590027809143,0
2022-12-10,0.200310006737709,0
2022-12-11,0.1963270008563995,0
2022-12-12,0.1916089951992035,0
2022-12-13,0.1924369931221008,0
2022-12-14,0.1931000053882599,0
2022-12-15,0.199422001838684,0
2022-12-16,0.1900379955768585,0
2022-12-17,0.1853280067443847,0
2022-12-18,0.1839399933815002,0
2022-12-19,0.177389994263649,0
2022-12-20,0.184030994772911,0
2022-12-21,0.1772180050611496,0
2022-12-22,0.1723989993333816,0
2022-12-23,0.169865995645523,0
2022-12-24,0.1692119985818863,0
2022-12-25,0.1667570024728775,0
2022-12-26,0.1687670052051544,0
2022-12-27,0.1658039987087249,0
2022-12-28,0.1632850021123886,0
2022-12-29,0.1591490060091018,1
2022-12-30,0.1505369991064071,1
2022-12-31,0.1491920053958892,1
2023-01-01,0.1448059976100921,1
2023-01-02,0.1467889994382858,1
2023-01-03,0.1450860053300857,1
2023-01-04,0.1435630023479461,0
2023-01-05,0.148279994726181,1
2023-01-06,0.1526529937982559,1
2023-01-07,0.1544860005378723,0
2023-01-08,0.154899001121521,0
2023-01-09,0.1711490005254745,0
2023-01-10,0.1653729975223541,0
2023-01-11,0.2075729966163635,0
2023-01-12,0.249219998717308,0
2023-01-13,0.2579819858074188,0
2023-01-14,0.2463919967412948,0
2023-01-15,0.2357310056686401,0
2023-01-16,0.2353000044822693,0
2023-01-17,0.2328670024871826,1
2023-01-18,0.2180989980697631,1
2023-01-19,0.2175980061292648,1
2023-01-20,0.2243749946355819,1
2023-01-21,0.2466749995946884,0
2023-01-22,0.2854200005531311,1
2023-01-23,0.2757599949836731,0
2023-01-24,0.2590349912643432,1
2023-01-25,0.2676230072975158,1
2023-01-26,0.2559899985790252,0
2023-01-27,0.2668370008468628,0
2023-01-28,0.2712149918079376,0
2023-01-29,0.2766799926757812,0
2023-01-30,0.2718490064144134,0
2023-01-31,0.2657749950885772,0
2023-02-01,0.2851040065288543,0
2023-02-02,0.288345992565155,0
2023-02-03,0.3125160038471222,0
2023-02-04,0.2937049865722656,0
2023-02-05,0.2858259975910187,0
2023-02-06,0.3006640076637268,0
2023-02-07,0.2990069985389709,0
2023-02-08,0.3025929927825928,0
2023-02-09,0.2694349884986877,0
2023-02-10,0.2604550123214721,0
2023-02-11,0.2559869885444641,0
2023-02-12,0.2545239925384521,0
2023-02-13,0.2456060051918029,0
2023-02-14,0.2536430060863495,0
2023-02-15,0.2658109962940216,0
2023-02-16,0.2718319892883301,0
2023-02-17,0.2802810072898865,0
2023-02-18,0.2965500056743622,0
2023-02-19,0.3038380146026611,0
2023-02-20,0.3318279981613159,0
2023-02-21,0.3121980130672455,0
2023-02-22,0.3319909870624542,0
2023-02-23,0.3390100002288818,0
2023-02-24,0.332751989364624,0
2023-02-25,0.3235769867897033,0
2023-02-26,0.322609007358551,0
2023-02-27,0.3226859867572784,0
2023-02-28,0.3003579974174499,0
2023-03-01,0.3166579902172088,0
2023-03-02,0.293406993150711,0
2023-03-03,0.2860090136528015,0
2023-03-04,0.2851510047912597,0
2023-03-05,0.280716985464096,0
2023-03-06,0.2749029994010925,0
2023-03-07,0.2853490114212036,0
2023-03-08,0.2824310064315796,0
2023-03-09,0.2690449953079223,0
2023-03-10,0.2817040085792541,0
2023-03-11,0.2592479884624481,0
2023-03-12,0.2649500072002411,0
2023-03-13,0.2843900024890899,0
2023-03-14,0.3484190106391907,0
2023-03-15,0.3383699953556061,0
2023-03-16,0.3332140147686004,0
2023-03-17,0.33644899725914,0
2023-03-18,0.3390009999275207,0
2023-03-19,0.3339479863643646,0
2023-03-20,0.3096599876880646,0
2023-03-21,0.3190979957580566,0
2023-03-22,0.3007720112800598,0
2023-03-23,0.3135190010070801,0
2023-03-24,0.2963849902153015,0
2023-03-25,0.2941789925098419,0
2023-03-26,0.2879709899425506,0
2023-03-27,0.2736330032348633,0
2023-03-28,0.2721289992332458,0
2023-03-29,0.2904129922389984,0
2023-03-30,0.2830930054187774,0
2023-03-31,0.281810998916626,0
2023-04-01,0.3004499971866607,0
2023-04-02,0.2858510017395019,0
2023-04-03,0.2875199913978576,0
2023-04-04,0.2874529957771301,0
2023-04-05,0.294059008359909,0
2023-04-06,0.2918649911880493,0
2023-04-07,0.2717539966106415,0
2023-04-08,0.2653540074825287,0
2023-04-09,0.2735230028629303,0
2023-04-10,0.2730970084667206,0
2023-04-11,0.2682560086250305,0
2023-04-12,0.2632040083408355,0
2023-04-13,0.2703019976615906,0
2023-04-14,0.2716880142688751,0
2023-04-15,0.2715579867362976,0
2023-04-16,0.2810620069503784,-1
2023-04-17,0.2763069868087768,-1
2023-04-18,0.2711310088634491,-1
2023-04-19,0.2545030117034912,-1
2023-04-20,0.2473289966583252,0
2023-04-21,0.2410220056772232,0
2023-04-22,0.2527379989624023,0
2023-04-23,0.2548060119152069,0
2023-04-24,0.2462490051984787,0
2023-04-25,0.2428479939699173,0
2023-04-26,0.2382789999246597,0
2023-04-27,0.2580569982528686,0
2023-04-28,0.2635979950428009,0
2023-04-29,0.2560330033302307,0
2023-04-30,0.2495200037956237,0
2023-05-01,0.2352309972047805,0
2023-05-02,0.2333029955625534,0
2023-05-03,0.2178730070590973,0
2023-05-04,0.2148369997739792,0
2023-05-05,0.2225199937820434,0
2023-05-06,0.2093909978866577,0
2023-05-07,0.2077440023422241,0
2023-05-08,0.201774001121521,0
2023-05-09,0.2015309929847717,0
2023-05-10,0.1987169981002807,0
2023-05-11,0.1920550018548965,0
2023-05-12,0.206382006406784,0
2023-05-13,0.2010670006275177,0
2023-05-14,0.2080139964818954,0
2023-05-15,0.1928829997777938,0
2023-05-16,0.1899300068616867,0
2023-05-17,0.2130839973688125,0
2023-05-18,0.2098300009965896,0
2023-05-19,0.2186129987239837,0
2023-05-20,0.2303739935159683,0
2023-05-21,0.2276590019464492,0
2023-05-22,0.2246209979057312,0
2023-05-23,0.2230879962444305,0
2023-05-24,0.2117220014333725,0
2023-05-25,0.2130369991064071,1
2023-05-26,0.2195580005645752,1
2023-05-27,0.2226620018482208,1
2023-05-28,0.2242390066385269,1
2023-05-29,0.2225590050220489,1
2023-05-30,0.2183440029621124,1
2023-05-31,0.2103350013494491,1
2023-06-01,0.204257994890213,1
2023-06-02,0.2063280045986175,1
2023-06-03,0.2037709951400756,1
2023-06-04,0.2039369940757751,1
2023-06-05,0.1972739994525909,1
2023-06-06,0.2008659988641739,1
2023-06-07,0.1982239931821823,1
2023-06-08,0.1985429972410202,1
2023-06-09,0.1951909959316253,1
2023-06-10,0.1883530020713806,1
2023-06-11,0.1853139996528625,1
2023-06-12,0.1795019954442978,1
2023-06-13,0.1794919967651367,1
2023-06-14,0.1717890053987503,1
2023-06-15,0.1719740033149719,1
2023-06-16,0.1757880002260208,1
2023-06-17,0.1828519999980926,1
2023-06-18,0.1813600063323974,0
2023-06-19,0.1815939992666244,0
2023-06-20,0.1785500049591064,1
2023-06-21,0.2000319957733154,1
2023-06-22,0.2144130021333694,0
2023-06-23,0.2485149949789047,0
2023-06-24,0.2720459997653961,0
2023-06-25,0.2594119906425476,0
2023-06-26,0.2720179855823517,0
2023-06-27,0.2734969854354858,0
2023-06-28,0.2570280134677887,0
2023-06-29,0.2633709907531738,0
2023-06-30,0.2647149860858917,0
2023-07-01,0.2652859985828399,0
2023-07-02,0.2667909860610962,0
2023-07-03,0.2945219874382019,0
2023-07-04,0.3170439898967743,0
2023-07-05,0.3101310133934021,0
2023-07-06,0.3370729982852936,0
2023-07-07,0.3265529870986938,0
2023-07-08,0.30308398604393,0
2023-07-09,0.2822780013084411,0
2023-07-10,0.2893570065498352,0
2023-07-11,0.2853820025920868,0
2023-07-12,0.3368510007858276,0
2023-07-13,0.3690859973430633,0
2023-07-14,0.3609409928321838,0
2023-07-15,0.3422360122203827,0
2023-07-16,0.3424429893493652,0
2023-07-17,0.3296430110931396,0
2023-07-18,0.3192009925842285,0
2023-07-19,0.3135020136833191,0
2023-07-20,0.3117240071296692,0
2023-07-21,0.3047040104866028,0
2023-07-22,0.2867990136146545,0
2023-07-23,0.2861129939556122,0
2023-07-24,0.2698709964752197,0
2023-07-25,0.2841100096702575,0
2023-07-26,0.2848739922046661,0
2023-07-27,0.2813990116119385,0
2023-07-28,0.2789160013198852,0
2023-07-29,0.2816790044307709,0
2023-07-30,0.2852509915828705,0
2023-07-31,0.2986350059509277,0
2023-08-01,0.2863650023937225,0
2023-08-02,0.2807500064373016,0
2023-08-03,0.2898409962654114,0
2023-08-04,0.3067750036716461,0
2023-08-05,0.2961699962615967,0
2023-08-06,0.2995049953460693,0
2023-08-07,0.2961210012435913,0
2023-08-08,0.3173489868640899,0
2023-08-09,0.3044939935207367,0
2023-08-10,0.3064360022544861,-1
2023-08-11,0.3032679855823517,-1
2023-08-12,0.2961699962615967,-1
2023-08-13,0.2869420051574707,0
2023-08-14,0.281358003616333,0
2023-08-15,0.278423011302948,0
2023-08-16,0.2532329857349396,0
2023-08-17,0.2437140047550201,0
2023-08-18,0.242259994149208,0
2023-08-19,0.2497240006923675,0
2023-08-20,0.2463860064744949,0
2023-08-21,0.2452449947595596,0
2023-08-22,0.2390179932117462,0
2023-08-23,0.2406869977712631,0
2023-08-24,0.2406820058822631,0
2023-08-25,0.2252340018749237,0
2023-08-26,0.2199289947748184,0
2023-08-27,0.2157389968633651,0
2023-08-28,0.2163760066032409,0
2023-08-29,0.2226669937372207,1
2023-08-30,0.2132550030946731,0
2023-08-31,0.2163279950618744,1
2023-09-01,0.2120680063962936,1
2023-09-02,0.2106260061264038,1
2023-09-03,0.2350710034370422,0
2023-09-04,0.2305299937725067,0
2023-09-05,0.2704499959945678,0
2023-09-06,0.238987997174263,0
2023-09-07,0.2376690059900283,0
2023-09-08,0.2525280117988586,0
2023-09-09,0.26214399933815,0
2023-09-10,0.2451750040054321,0
2023-09-11,0.2334039956331253,0
2023-09-12,0.2271180003881454,0
2023-09-13,0.2303410023450851,0
2023-09-14,0.24201300740242,0
2023-09-15,0.2444709986448288,0
2023-09-16,0.2571179866790771,0
2023-09-17,0.2624369859695434,0
2023-09-18,0.2709780037403106,0
2023-09-19,0.2640959918498993,1
2023-09-20,0.2841739952564239,1
2023-09-21,0.2864249944686889,1
2023-09-22,0.2914919853210449,1
2023-09-23,0.2837100028991699,1
2023-09-24,0.2952530086040497,1
2023-09-25,0.2945680022239685,1
2023-09-26,0.3077000081539154,1
2023-09-27,0.3042680025100708,1
2023-09-28,0.3127279877662658,1
2023-09-29,0.3153969943523407,1
2023-09-30,0.3091720044612884,1
2023-10-01,0.3310570120811462,1
2023-10-02,0.3245019912719726,1
2023-10-03,0.2740910053253174,1
2023-10-04,0.2797150015830993,1
2023-10-05,0.2778039872646332,1
2023-10-06,0.2972609996795654,1
2023-10-07,0.3320479989051819,1
2023-10-08,0.3386749923229217,1
2023-10-09,0.3137660026550293,0
2023-10-10,0.3268150091171264,1
2023-10-11,0.3110490143299103,1
2023-10-12,0.3008880019187927,1
2023-10-13,0.3019500076770782,1
2023-10-14,0.3109880089759826,1
2023-10-15,0.3053019940853119,1
2023-10-16,0.312734991312027,1
2023-10-17,0.3161630034446716,1
2023-10-18,0.310494989156723,1
2023-10-19,0.3032810091972351,1
2023-10-20,0.294530987739563,1
2023-10-21,0.2966519892215729,1
2023-10-22,0.2998819947242737,1
2023-10-23,0.32362100481987,1
2023-10-24,0.3377709984779358,1
2023-10-25,0.3735840022563934,1
2023-10-26,0.3742620050907135,0
2023-10-27,0.3660899996757507,0
2023-10-28,0.3663510084152221,1
2023-10-29,0.393871009349823,1
2023-10-30,0.4435180127620697,1
2023-10-31,0.4342469871044159,0
2023-11-01,0.404664009809494,1
2023-11-02,0.4014190137386322,1
2023-11-03,0.3962109982967376,1
2023-11-04,0.429423987865448,1
2023-11-05,0.4320620000362396,0
2023-11-06,0.4490210115909576,0
2023-11-07,0.4412159919738769,1
2023-11-08,0.4456000030040741,1
2023-11-09,0.5143769979476929,1
2023-11-10,0.5211390256881714,0
2023-11-11,0.5754330158233643,0
2023-11-12,0.581574022769928,0
2023-11-13,0.5448359847068787,0
2023-11-14,0.4975399971008301,0
2023-11-15,0.5173130035400391,1
2023-11-16,0.5324270129203796,0
2023-11-17,0.5280879735946655,0
2023-11-18,0.5136470198631287,0
2023-11-19,0.5594459772109985,0
2023-11-20,0.5215269923210144,0
2023-11-21,0.4534710049629211,0
2023-11-22,0.5027769804000854,0
2023-11-23,0.568310022354126,0
2023-11-24,0.6408479809761047,0
2023-11-25,0.6516450047492981,0
2023-11-26,0.647970974445343,0
2023-11-27,0.6089270114898682,0
2023-11-28,0.6753339767456055,0
2023-11-29,0.6770049929618835,0
2023-11-30,0.6471400260925293,0
2023-12-01,0.6983699798583984,0
2023-12-02,0.7218239903450012,0
2023-12-03,0.7430379986763,0
2023-12-04,0.7206190228462219,0
2023-12-05,0.7091150283813477,0
2023-12-06,0.6879130005836487,0
2023-12-07,0.6525020003318787,0
2023-12-08,0.6521070003509521,0
2023-12-09,0.6405860185623169,0
2023-12-10,0.6118540167808533,0
2023-12-11,0.5878040194511414,0
2023-12-12,0.6266279816627502,0
2023-12-13,0.6607189774513245,0
2023-12-14,0.6847360134124756,0
2023-12-15,0.628063976764679,0
2023-12-16,0.6265000104904175,0
2023-12-17,0.6096889972686768,0
2023-12-18,0.6060519814491272,0
2023-12-19,0.5699440240859985,0
2023-12-20,0.5508019924163818,0
2023-12-21,0.658502995967865,0
2023-12-22,0.7380049824714661,0
2023-12-23,0.7527099847793579,0
2023-12-24,0.7907289862632751,0
2023-12-25,0.7797600030899048,0
2023-12-26,0.7401080131530762,0
2023-12-27,0.7335249781608582,0
2023-12-28,0.7174819707870483,0
2023-12-29,0.6584089994430542,0
2023-12-30,0.6561809778213501,0
2023-12-31,0.6888449788093567,-1
2024-01-01,0.7672539949417114,-1
2024-01-02,0.775422990322113,0
2024-01-03,0.7146340012550354,0
2024-01-04,0.7567149996757507,0
2024-01-05,0.7103610038757324,0
2024-01-06,0.6824010014533997,0
2024-01-07,0.6692489981651306,0
2024-01-08,0.6937959790229797,0
2024-01-09,0.6261739730834961,-1
2024-01-10,0.6610180139541626,0
2024-01-11,0.6956940293312073,-1
2024-01-12,0.6451780200004578,-1
2024-01-13,0.6700819730758667,-1
2024-01-14,0.6646109819412231,-1
2024-01-15,0.6452760100364685,-1
2024-01-16,0.6293799877166748,-1
2024-01-17,0.6125810146331787,-1
2024-01-18,0.6003069877624512,-1
2024-01-19,0.566457986831665,-1
2024-01-20,0.6141870021820068,-1
2024-01-21,0.6035370230674744,-1
2024-01-22,0.5383120179176331,-1
2024-01-23,0.5101959705352783,-1
2024-01-24,0.5046120285987854,-1
2024-01-25,0.5003939867019653,0
2024-01-26,0.5012819766998291,0
2024-01-27,0.5024600028991699,0
2024-01-28,0.4933179914951324,0
2024-01-29,0.5017719864845276,0
2024-01-30,0.4989680051803589,0
2024-01-31,0.499096006155014,0
2024-02-01,0.4993300139904022,0
2024-02-02,0.50177001953125,0
2024-02-03,0.5008990168571472,0
2024-02-04,0.4986270070075989,0
2024-02-05,0.4957210123538971,0
2024-02-06,0.5002539753913879,0
2024-02-07,0.5217610001564026,0
2024-02-08,0.5277919769287109,0
2024-02-09,0.6067739725112915,0
2024-02-10,0.5989940166473389,0
2024-02-11,0.5892149806022644,0
2024-02-12,0.6272879838943481,0
2024-02-13,0.6306679844856262,0
2024-02-14,0.6635770201683044,0
2024-02-15,0.6848400235176086,0
2024-02-16,0.6656469702720642,0
2024-02-17,0.6591439843177795,0
2024-02-18,0.6392560005187988,0
2024-02-19,0.6404179930686951,0
2024-02-20,0.602183997631073,0
2024-02-21,0.5838500261306763,0
2024-02-22,0.6051470041275024,0
2024-02-23,0.6206070184707642,0
2024-02-24,0.6406850218772888,0
2024-02-25,0.6757329702377319,0
2024-02-26,0.7011240124702454,0
2024-02-27,0.649154007434845,0
2024-02-28,0.6430349946022034,0
2024-02-29,0.6721799969673157,0
2024-03-01,0.7034599781036377,0
2024-03-02,0.7049980163574219,0
2024-03-03,0.7621870040893555,0
2024-03-04,0.7541540265083313,0
2024-03-05,0.7026680111885071,0
2024-03-06,0.7490079998970032,0
2024-03-07,0.7434769868850708,0
2024-03-08,0.7252240180969238,0
2024-03-09,0.773377001285553,0
2024-03-10,0.7702739834785461,0
2024-03-11,0.7782449722290039,0
2024-03-12,0.7557870149612427,0
2024-03-13,0.7335649728775024,0
2024-03-14,0.712240993976593,0
2024-03-15,0.6707050204277039,0
2024-03-16,0.6538349986076355,0
2024-03-17,0.684008002281189,0
2024-03-18,0.63161301612854,0
2024-03-19,0.6036419868469238,0
2024-03-20,0.7802619934082031,0
2024-03-21,0.9952660202980042,0
2024-03-22,0.8831890225410461,0
2024-03-23,0.8802499771118164,0
2024-03-24,0.9866600036621094,0
2024-03-25,1.01426100730896,0
2024-03-26,0.9368990063667296,-1
2024-03-27,0.9920200109481812,-1
2024-03-28,0.982679009437561,-1
2024-03-29,0.9479209780693054,-1
2024-03-30,1.0323090553283691,-1
2024-03-31,1.0614919662475586,-1
2024-04-01,1.021975040435791,-1
2024-04-02,0.953311026096344,-1
2024-04-03,0.9381179809570312,-1
2024-04-04,0.9478409886360168,-1
2024-04-05,0.954360008239746,-1
2024-04-06,0.9246259927749634,-1
2024-04-07,0.938493013381958,-1
2024-04-08,0.9107490181922911,-1
2024-04-09,0.8397380113601685,-1
2024-04-10,0.8481619954109192,-1
2024-04-11,0.8369280099868774,-1
2024-04-12,0.724934995174408,-1
2024-04-13,0.703764021396637,-1
2024-04-14,0.8270990252494812,-1
2024-04-15,0.7208250164985657,-1
2024-04-16,0.7067009806632996,-1
2024-04-17,0.6837800145149231,0
2024-04-18,0.7708539962768555,0
2024-04-19,0.7341729998588562,0
2024-04-20,0.773252010345459,0
2024-04-21,0.736299991607666,0
2024-04-22,0.734827995300293,0
2024-04-23,0.752236008644104,0
2024-04-24,0.7090359926223755,0
2024-04-25,0.6899949908256531,0
2024-04-26,0.6774849891662598,0
2024-04-27,0.6803669929504395,0
2024-04-28,0.6536530256271362,0
2024-04-29,0.6563779711723328,0
2024-04-30,0.6328439712524414,0
2024-05-01,0.6604419946670532,0
2024-05-02,0.6801260113716125,0
2024-05-03,0.7048649787902832,0
2024-05-04,0.6888009905815125,-1
2024-05-05,0.6960319876670837,-1
2024-05-06,0.6902750134468079,-1
2024-05-07,0.697970986366272,-1
2024-05-08,0.6611179709434509,-1
2024-05-09,0.6741759777069092,-1
2024-05-10,0.6514139771461487,-1
2024-05-11,0.6779469847679138,-1
2024-05-12,0.6769570112228394,-1
2024-05-13,0.67432701587677,-1
2024-05-14,0.6801909804344177,-1
2024-05-15,0.7247700095176697,-1
2024-05-16,0.6899369955062866,-1
2024-05-17,0.7504760026931763,-1
2024-05-18,0.7247459888458252,-1
2024-05-19,0.7070770263671875,-1
2024-05-20,0.7549740076065063,-1
2024-05-21,0.7312899827957153,-1
2024-05-22,0.7037019729614258,-1
2024-05-23,0.708191990852356,-1
2024-05-24,0.688601016998291,-1
2024-05-25,0.6979740262031555,-1
2024-05-26,0.699163019657135,-1
2024-05-27,0.7105410099029541,-1
2024-05-28,0.7024580240249634,-1
2024-05-29,0.6965190172195435,-1
2024-05-30,0.6805949807167053,-1
2024-05-31,0.6746180057525635,-1
2024-06-01,0.6793379783630371,-1
2024-06-02,0.6788290143013,-1
2024-06-03,0.6713060140609741,-1
2024-06-04,0.6758080124855042,-1
2024-06-05,0.6687589883804321,-1
2024-06-06,0.6820340156555176,-1
2024-06-07,0.6280040144920349,-1
2024-06-08,0.599702000617981,-1
2024-06-09,0.621649980545044,-1
2024-06-10,0.582194983959198,-1
2024-06-11,0.5572389960289001,-1
2024-06-12,0.5753200054168701,-1
2024-06-13,0.5499809980392456,-1
2024-06-14,0.5405740141868591,-1
2024-06-15,0.5282430052757263,-1
2024-06-16,0.5200049877166748,-1
2024-06-17,0.4683499932289123,-1
2024-06-18,0.4204629957675934,-1
2024-06-19,0.3924030065536499,-1
2024-06-20,0.4673320055007934,-1
2024-06-21,0.4595249891281128,-1
2024-06-22,0.5073829889297485,-1
2024-06-23,0.4708589911460876,-1
2024-06-24,0.4645409882068634,-1
2024-06-25,0.5095229744911194,-1
2024-06-26,0.4996240139007568,-1
2024-06-27,0.5022950172424316,-1
2024-06-28,0.5110560059547424,-1
2024-06-29,0.4900150001049042,-1
2024-06-30,0.5101249814033508,-1
2024-07-01,0.497065007686615,-1
2024-07-02,0.4881510138511657,-1
2024-07-03,0.4392409920692444,-1
2024-07-04,0.4224900007247925,-1
2024-07-05,0.4041289985179901,-1
2024-07-06,0.4401290118694305,-1
2024-07-07,0.4257659912109375,-1
2024-07-08,0.4216119945049286,-1
2024-07-09,0.4353989958763122,-1
2024-07-10,0.4860459864139557,-1
2024-07-11,0.4759289920330047,-1
2024-07-12,0.4870109856128692,-1
2024-07-13,0.4969600141048431,-1
2024-07-14,0.5050240159034729,-1
2024-07-15,0.5346959829330444,-1
2024-07-16,0.5221890211105347,-1
2024-07-17,0.5105869770050049,-1
2024-07-18,0.4919840097427368,-1
2024-07-19,0.5134379863739014,-1
2024-07-20,0.523173987865448,-1
2024-07-21,0.5161479711532593,-1
2024-07-22,0.4937849938869476,-1
2024-07-23,0.4910809993743896,-1
2024-07-24,0.4900690019130707,-1
2024-07-25,0.473374992609024,-1
2024-07-26,0.485275000333786,-1
2024-07-27,0.4707010090351105,-1
2024-07-28,0.4639390110969543,-1
2024-07-29,0.4552110135555267,-1
2024-07-30,0.4384059906005859,-1
2024-07-31,0.4759570062160492,-1
2024-08-01,0.4489949941635132,-1
2024-08-02,0.4175339937210083,-1
2024-08-03,0.3907409906387329,-1
2024-08-04,0.3678629994392395,-1
2024-08-05,0.3144370019435882,-1
2024-08-06,0.3495369851589203,0
2024-08-07,0.3359270095825195,-1
2024-08-08,0.3616890013217926,0
2024-08-09,0.3498629927635193,0
2024-08-10,0.3502880036830902,0
2024-08-11,0.3398360013961792,0
2024-08-12,0.3363089859485626,0
2024-08-13,0.33576101064682,0
2024-08-14,0.3328709900379181,0
2024-08-15,0.3283469974994659,0
2024-08-16,0.3240059912204742,0
2024-08-17,0.3285880088806152,0
2024-08-18,0.338138997554779,0
2024-08-19,0.3326590061187744,0
2024-08-20,0.340256005525589,0
2024-08-21,0.3408339917659759,0
2024-08-22,0.3421840071678161,0
2024-08-23,0.369253009557724,0
2024-08-24,0.3850310146808624,0
2024-08-25,0.397816002368927,0
2024-08-26,0.3889900147914886,0
2024-08-27,0.345084011554718,0
2024-08-28,0.3322589993476867,0
2024-08-29,0.3406380116939544,0
2024-08-30,0.3375900089740753,0
2024-08-31,0.3360159993171692,0
2024-09-01,0.3630599975585937,0
2024-09-02,0.3597849905490875,0
2024-09-03,0.3320559859275818,0
2024-09-04,0.3310399949550628,0
2024-09-05,0.3236950039863586,0
2024-09-06,0.3149549961090088,0
2024-09-07,0.3217909932136535,0
2024-09-08,0.3243469893932342,0
2024-09-09,0.331400990486145,0
2024-09-10,0.3402599990367889,0
2024-09-11,0.3493489921092987,0
2024-09-12,0.3567239940166473,0
2024-09-13,0.3550429940223694,0
2024-09-14,0.3492479920387268,0
2024-09-15,0.335752010345459,0
2024-09-16,0.3305830061435699,0
2024-09-17,0.3368969857692718,0
2024-09-18,0.3372699916362762,0
2024-09-19,0.3499920070171356,0
2024-09-20,0.3502629995346069,0
2024-09-21,0.3483400046825409,0
2024-09-22,0.3593029975891113,0
2024-09-23,0.3649680018424988,0
2024-09-24,0.3853900134563446,0
2024-09-25,0.38086599111557,0
2024-09-26,0.3934639990329742,-1
2024-09-27,0.3985140025615692,-1
2024-09-28,0.3876560032367706,-1
2024-09-29,0.3802489936351776,-1
2024-09-30,0.3530659973621368,-1
2024-10-01,0.3285009860992431,0
2024-10-02,0.3420369923114776,0
2024-10-03,0.3441089987754822,0
2024-10-04,0.3556469976902008,0
2024-10-05,0.3443430066108703,0
2024-10-06,0.3391880095005035,0
2024-10-07,0.3332020044326782,0
2024-10-08,0.3309819996356964,0
2024-10-09,0.3243499994277954,0
2024-10-10,0.3299530148506164,0
2024-10-11,0.3402389883995056,0
2024-10-12,0.3369629979133606,0
2024-10-13,0.3348740041255951,0
2024-10-14,0.3469710052013397,0
2024-10-15,0.3377240002155304,0
2024-10-16,0.3283919990062713,0
2024-10-17,0.3230809867382049,0
2024-10-18,0.3269129991531372,0
2024-10-19,0.3309719860553741,0
2024-10-20,0.343980997800827,0
2024-10-21,0.3292010128498077,0
2024-10-22,0.3122409880161285,0
2024-10-23,0.2994230091571808,0
2024-10-24,0.3121649920940399,0
2024-10-25,0.2822650074958801,0
2024-10-26,0.2848140001296997,0
2024-10-27,0.2942569851875305,0
2024-10-28,0.3038400113582611,0
2024-10-29,0.3117960095405578,0
2024-10-30,0.3009630143642425,0
2024-10-31,0.2866930067539215,0
2024-11-01,0.2909289896488189,0
2024-11-02,0.2958849966526031,0
2024-11-03,0.284170001745224,0
2024-11-04,0.2799879908561706,0
2024-11-05,0.2812179923057556,0
2024-11-06,0.3030279874801636,0
2024-11-07,0.3211250007152557,0
2024-11-08,0.3289630115032196,0
2024-11-09,0.3365350067615509,0
2024-11-10,0.3686240017414093,0
2024-11-11,0.3722809851169586,0
2024-11-12,0.3513619899749756,0
2024-11-13,0.3107739984989166,0
2024-11-14,0.2941969931125641,0
2024-11-15,0.2960650026798248,0
2024-11-16,0.3247979879379272,0
2024-11-17,0.3165079951286316,0
2024-11-18,0.3351170122623443,0
2024-11-19,0.3887529969215393,0
2024-11-20,0.3920730054378509,0
2024-11-21,0.3977130055427551,0
2024-11-22,0.4074150025844574,0
2024-11-23,0.4295490086078644,0
2024-11-24,0.4132960140705108,0
2024-11-25,0.3893620073795318,0
2024-11-26,0.3771199882030487,0
2024-11-27,0.4117529988288879,0
2024-11-28,0.4014079868793487,0
2024-11-29,0.4120289981365204,0
2024-11-30,0.4214000105857849,0
2024-12-01,0.4291400015354156,0
2024-12-02,0.4102340042591095,0
2024-12-03,0.4303869903087616,0
2024-12-04,0.4386439919471741,0
2024-12-05,0.4485250115394592,0
2024-12-06,0.467058002948761,0
2024-12-07,0.4813329875469208,0
2024-12-08,0.4962930083274841,0
2024-12-09,0.4312550127506256,0
2024-12-10,0.3991200029850006,0
2024-12-11,0.4010800123214721,0
2024-12-12,0.3920040130615234,0
2024-12-13,0.4007099866867065,0
2024-12-14,0.4288420081138611,0
2024-12-15,0.4291270077228546,0
2024-12-16,0.4014129936695099,0
2024-12-17,0.3902379870414734,0
2024-12-18,0.3537960052490234,0
2024-12-19,0.3206700086593628,0
2024-12-20,0.3480019867420196,0
2024-12-21,0.328790009021759,0
2024-12-22,0.312718003988266,0
2024-12-23,0.3192709982395172,0
2024-12-24,0.3387759923934936,0
2024-12-25,0.323879987001419,0
2024-12-26,0.304407000541687,0
2024-12-27,0.3101260066032409,0
2024-12-28,0.3265259861946106,0
2024-12-29,0.3110420107841491,0
2024-12-30,0.306313008069992,0
2024-12-31,0.2997150123119354,0
2025-01-01,0.3057770133018493,0
2025-01-02,0.3006139993667602,0
2025-01-03,0.329694002866745,0
2025-01-04,0.333420991897583,-1
2025-01-05,0.3212189972400665,-1
2025-01-06,0.3372519910335541,-1
2025-01-07,0.3077940046787262,-1
2025-01-08,0.2919780015945434,-1
2025-01-09,0.2787339985370636,-1
2025-01-10,0.2874949872493744,-1
2025-01-11,0.2853730022907257,-1
2025-01-12,0.2717100083827972,-1
2025-01-13,0.2683889865875244,-1
2025-01-14,0.2780419886112213,0
2025-01-15,0.292136013507843,-1
2025-01-16,0.3138779997825622,-1
2025-01-17,0.3336789906024933,-1
2025-01-18,0.3143190145492553,-1
2025-01-19,0.2793869972229004,-1
2025-01-20,0.2676610052585602,-1
2025-01-21,0.278542011976242,0
2025-01-22,0.2692790031433105,-1
2025-01-23,0.2651990056037903,-1
2025-01-24,0.2596650123596191,-1
2025-01-25,0.2588340044021606,-1
2025-01-26,0.2471700012683868,-1
2025-01-27,0.2475149929523468,-1
2025-01-28,0.2230769991874694,0
2025-01-29,0.2309689968824386,0
2025-01-30,0.2342700064182281,0
2025-01-31,0.2329799979925155,0
2025-02-01,0.2158509939908981,0
2025-02-02,0.1884189993143081,0
2025-02-03,0.1996500045061111,0
2025-02-04,0.19199800491333,0
2025-02-05,0.1886840015649795,0
2025-02-06,0.1857510060071945,0
2025-02-07,0.1788039952516555,0
2025-02-08,0.1901929974555969,0
2025-02-09,0.1916320025920868,0
2025-02-10,0.1885630041360855,0
2025-02-11,0.1934379935264587,0
2025-02-12,0.1941490024328231,0
2025-02-13,0.1839309930801391,0
2025-02-14,0.1897770017385482,0
2025-02-15,0.1906889975070953,0
2025-02-16,0.1887820065021515,0
2025-02-17,0.1899140030145645,0
2025-02-18,0.1735379993915558,0
2025-02-19,0.179284006357193,0
2025-02-20,0.1832340061664581,0
2025-02-21,0.1731960028409958,0
2025-02-22,0.1870090067386627,0
2025-02-23,0.1761949956417083,0
2025-02-24,0.156806007027626,0
2025-02-25,0.1618320047855377,0
2025-02-26,0.1583669930696487,0
2025-02-27,0.1627909988164901,0
2025-02-28,0.1579200029373169,0
2025-03-01,0.1600989997386932,0
2025-03-02,0.1696999967098236,0
2025-03-03,0.143897995352745,0
2025-03-04,0.1407359987497329,0
2025-03-05,0.1566320061683654,0
2025-03-06,0.1514080017805099,0
2025-03-07,0.1441500037908554,0
2025-03-08,0.1430359929800033,0
2025-03-09,0.1173140034079551,0
2025-03-10,0.114665001630783,0
2025-03-11,0.1236810013651847,0
2025-03-12,0.1225550025701522,0
2025-03-13,0.1222279965877533,1
2025-03-14,0.1230309978127479,1
2025-03-15,0.1265159994363784,1
2025-03-16,0.1233310028910636,0
2025-03-17,0.1285769939422607,1
2025-03-18,0.137934997677803,1
2025-03-19,0.1331730037927627,0
2025-03-20,0.1440529972314834,0
2025-03-21,0.1440899968147277,0
2025-03-22,0.1493719965219497,0
2025-03-23,0.1520429998636245,0
2025-03-24,0.1548649966716766,0
2025-03-25,0.1559599936008453,0
2025-03-26,0.1562490016222,0
2025-03-27,0.1517129987478256,0
2025-03-28,0.1448549926280975,0
2025-03-29,0.1363810002803802,0
2025-03-30,0.1368619948625564,0
2025-03-31,0.1341709941625595,0
2025-04-01,0.1358309984207153,0
2025-04-02,0.1254249960184097,0
2025-04-03,0.1224550008773803,0
2025-04-04,0.1199999973177909,0
2025-04-05,0.1241500005125999,0
2025-04-06,0.1077679991722107,0
2025-04-07,0.1120209991931915,0
2025-04-08,0.1076020002365112,0
2025-04-09,0.1256490051746368,0
2025-04-10,0.1270679980516433,0
2025-04-11,0.1359799951314926,0
2025-04-12,0.1395480036735534,0
2025-04-13,0.1306059956550598,0
2025-04-14,0.1383949965238571,0
2025-04-15,0.1306429952383041,0
2025-04-16,0.1292040050029754,0
2025-04-17,0.1340550035238266,0
2025-04-18,0.1349000036716461,0
2025-04-19,0.138385996222496,0
2025-04-20,0.1361750066280365,1
2025-04-21,0.1373140066862106,0
2025-04-22,0.1441780030727386,1
2025-04-23,0.1407780051231384,1
2025-04-24,0.1407160013914108,1
2025-04-25,0.1529390066862106,1
2025-04-26,0.1538569927215576,1
2025-04-27,0.1471219956874847,1
2025-04-28,0.1468960046768188,1
2025-04-29,0.1427890062332153,1
2025-04-30,0.1482210010290146,1
2025-05-01,0.1506440043449401,1
2025-05-02,0.14826300740242,1
2025-05-03,0.141534999012947,1
2025-05-04,0.139845997095108,1
2025-05-05,0.1401170045137405,1
2025-05-06,0.1394560039043426,1
2025-05-07,0.1414929926395416,1
2025-05-08,0.1533530056476593,1
2025-05-09,0.1523839980363845,1
2025-05-10,0.1644989997148513,1
2025-05-11,0.1686030030250549,1
2025-05-12,0.1637669950723648,1
2025-05-13,0.1620749980211258,1
2025-05-14,0.1569920033216476,1
2025-05-15,0.1501850038766861,1
2025-05-16,0.2117490023374557,1
2025-05-17,0.1957260072231292,0
2025-05-18,0.18852199614048,1
2025-05-19,0.1901880055665969,1
2025-05-20,0.2080440074205398,1
2025-05-21,0.2032410055398941,0
2025-05-22,0.2144230008125305,0
2025-05-23,0.2093909978866577,0
2025-05-24,0.2220170050859451,1
2025-05-25,0.2299840003252029,1
2025-05-26,0.2371319979429245,0
2025-05-27,0.2336229979991912,0
2025-05-28,0.2171680033206939,0
2025-05-29,0.2106660008430481,0
2025-05-30,0.1854930073022842,1
2025-05-31,0.1991160064935684,1
2025-06-01,0.1919350028038025,0
2025-06-02,0.1877699941396713,0
2025-06-03,0.1813029944896698,0
2025-06-04,0.1768669933080673,0
2025-06-05,0.1701200008392334,1
2025-06-06,0.1721539944410324,1
2025-06-07,0.1791599988937378,1
2025-06-08,0.1902399957180023,1
2025-06-09,0.1873299926519394,1
2025-06-10,0.190430000424385,1
2025-06-11,0.1853870004415512,0
2025-06-12,0.1818639934062957,0
2025-06-13,0.167503997683525,1
2025-06-14,0.1804350018501281,1
2025-06-15,0.1951790004968643,0
2025-06-16,0.1846449971199035,0
2025-06-17,0.1705860048532486,0
2025-06-18,0.1718019992113113,0
2025-06-19,0.1673620045185089,0
2025-06-20,0.1628620028495788,0
2025-06-21,0.1572480052709579,0
2025-06-22,0.1469559967517852,0
2025-06-23,0.1592359989881515,0
2025-06-24,0.2017599940299987,0
2025-06-25,0.1980160027742386,0
2025-06-26,0.1882359981536865,0
2025-06-27,0.1813540011644363,0
2025-06-28,0.1771350055932998,0
2025-06-29,0.1790329962968826,0
2025-06-30,0.1721239984035492,0
2025-07-01,0.1684599965810775,0
2025-07-02,0.1859750002622604,0
2025-07-03,0.1827609986066818,0
2025-07-04,0.1798360049724578,0
2025-07-05,0.1753450036048889,0
2025-07-06,0.1944659948348999,0
2025-07-07,0.1921930015087127,0
2025-07-08,0.1874240040779113,1
2025-07-09,0.1934430003166198,1
2025-07-10,0.2040780037641525,1
2025-07-11,0.2101850062608719,1
2025-07-12,0.1983409970998764,1
2025-07-13,0.2072709947824478,1
2025-07-14,0.2006340026855468,0
2025-07-15,0.2010619938373565,1
2025-07-16,0.2027650028467178,1
2025-07-17,0.2142159938812255,1
2025-07-18,0.208529993891716,1
2025-07-19,0.2373269945383072,1
2025-07-20,0.2343720048666,0
2025-07-21,0.2436700016260147,1
2025-07-22,0.241907000541687,1
2025-07-23,0.2321480065584182,1
2025-07-24,0.2697379887104034,1
2025-07-25,0.2511020004749298,1
2025-07-26,0.2590669989585876,1
2025-07-27,0.2620550096035003,1
2025-07-28,0.2576040029525757,1
2025-07-29,0.2565279901027679,1
2025-07-30,0.2664240002632141,1
2025-07-31,0.2648040056228637,1
2025-08-01,0.2464639991521835,1
2025-08-02,0.267412006855011,1
2025-08-03,0.2794309854507446,1
2025-08-04,0.2913880050182342,1
2025-08-05,0.274852991104126,1
2025-08-06,0.2838520109653473,1
2025-08-07,0.2974140048027038,1
2025-08-08,0.2961359918117523,1
2025-08-09,0.3097249865531921,1
2025-08-10,0.3007000088691711,1
2025-08-11,0.285658985376358,1
2025-08-12,0.3081830143928528,1
2025-08-13,0.3325479924678802,1
2025-08-14,0.3205609917640686,0
2025-08-15,0.2942169904708862,1
2025-08-16,0.2846829891204834,1
2025-08-17,0.2896110117435455,1
2025-08-18,0.265500009059906,1
2025-08-19,0.2759880125522613,1
2025-08-20,0.2838740050792694,1
2025-08-21,0.2636609971523285,1
2025-08-22,0.3383040130138397,1
2025-08-23,0.359158992767334,0
2025-08-24,0.3936859965324402,0
2025-08-25,0.3310160040855407,0
2025-08-26,0.3615719974040985,1
2025-08-27,0.3404169976711273,1
2025-08-28,0.3380469977855682,1
2025-08-29,0.3361479938030243,1
2025-08-30,0.3615689873695373,1
2025-08-31,0.3557449877262115,1
2025-09-01,0.3323819935321808,1
2025-09-02,0.3584100008010864,1
2025-09-03,0.3494180142879486,1
2025-09-04,0.3260299861431122,1
2025-09-05,0.3189300000667572,1
2025-09-06,0.2982450127601623,1
2025-09-07,0.3095769882202148,1
2025-09-08,0.2941260039806366,1
2025-09-09,0.2812309861183166,1
2025-09-10,0.2761319875717163,1
2025-09-11,0.2902790009975433,1
2025-09-12,0.3080079853534698,1
2025-09-13,0.2995159924030304,1
2025-09-14,0.2868520021438598,1
2025-09-15,0.2772659957408905,0
2025-09-16,0.2812100052833557,0
2025-09-17,0.2946049869060516,0
2025-09-18,0.2936629951000213,0
2025-09-19,0.2839879989624023,0
2025-09-20,0.2793680131435394,0
2025-09-21,0.2723340094089508,0
2025-09-22,0.2586219906806946,0
2025-09-23,0.2533029913902282,0
2025-09-24,0.2858690023422241,0
2025-09-25,0.2507410049438476,0
2025-09-26,0.3357230126857757,0
2025-09-27,0.326200008392334,-1
2025-09-28,0.3355050086975097,-1
2025-09-29,0.3645670115947723,-1
2025-09-30,0.3438810110092163,0
2025-10-01,0.3257820010185241,0
2025-10-02,0.3224700093269348,0
2025-10-03,0.3264040052890777,0
2025-10-04,0.3059659898281097,0
2025-10-05,0.3032070100307464,0
2025-10-06,0.32710000872612,0
2025-10-07,0.2823050022125244,0
2025-10-08,0.2986809909343719,0
2025-10-09,0.2834529876708984,0
2025-10-10,0.2321249991655349,0
2025-10-11,0.2098869979381561,0
2025-10-12,0.2513630092144012,0
2025-10-13,0.2540050148963928,0
2025-10-14,0.2429029941558838,0
2025-10-15,0.2302310019731521,0
2025-10-16,0.2171380072832107,0
2025-10-17,0.205836996436119,0
2025-10-18,0.2048960030078888,0
2025-10-19,0.2095829993486404,0
2025-10-20,0.2265619933605194,0
2025-10-21,0.2044419944286346,0
2025-10-22,0.1947859972715377,0
2025-10-23,0.2016330063343048,0
2025-10-24,0.2071059942245483,0
2025-10-25,0.2153809964656829,0
2025-10-26,0.2232210040092468,0
2025-10-27,0.2089290022850036,0
2025-10-28,0.2014250010251999,0
2025-10-29,0.2003190070390701,0
2025-10-30,0.1981309950351715,0
2025-10-31,0.193804994225502,0
2025-11-01,0.1962540000677108,0
2025-11-02,0.1987009942531585,0
2025-11-03,0.1639479994773864,0
2025-11-04,0.1571799963712692,0
2025-11-05,0.1575189977884292,0
2025-11-06,0.1514749974012375,0
2025-11-07,0.1854500025510788,0
2025-11-08,0.1745440065860748,0
2025-11-09,0.1855629980564117,0
2025-11-10,0.1795669943094253,0
2025-11-11,0.1711080074310302,0
2025-11-12,0.177725002169609,0
2025-11-13,0.1723549962043762,0
2025-11-14,0.1551180034875869,0
2025-11-15,0.1620389968156814,0
2025-11-16,0.1530510038137436,0
2025-11-17,0.1516419947147369,0
2025-11-18,0.1492599993944168,0
2025-11-19,0.1358419954776764,0
2025-11-20,0.1222539991140365,0
2025-11-21,0.1166820004582405,0
2025-11-22,0.1179400011897087,0
2025-11-23,0.1218819990754127,0
2025-11-24,0.1153670027852058,1
2025-11-25,0.1176330000162124,1
2025-11-26,0.1278949975967407,1
2025-11-27,0.1360639929771423,1
2025-11-28,0.1343419998884201,1
2025-11-29,0.1388739943504333,1
2025-11-30,0.1405629962682724,0
2025-12-01,0.1280229985713958,0
2025-12-02,0.1311289966106414,0
2025-12-03,0.1423690021038055,0
2025-12-04,0.1413329988718032,0
2025-12-05,0.1336970031261444,0
2025-12-06,0.1341499984264373,0
2025-12-07,0.1335829943418502,0
2025-12-08,0.1384180039167404,0
2025-12-09,0.1484359949827194,0
2025-12-10,0.1532260030508041,0
2025-12-11,0.1373119950294494,0
2025-12-12,0.1343639940023422,1
2025-12-13,0.1323579996824264,1
2025-12-14,0.1318060010671615,1
2025-12-15,0.1257939934730529,1
2025-12-16,0.1303949952125549,1
2025-12-17,0.133869007229805,1
2025-12-18,0.1270219981670379,1
2025-12-19,0.1287000030279159,1
2025-12-20,0.1291790008544922,1
2025-12-21,0.1295769959688186,1
2025-12-22,0.1239010021090507,1
2025-12-23,0.1179469972848892,1
2025-12-24,0.1166760027408599,1
2025-12-25,0.1138899996876716,1
2025-12-26,0.1136059984564781,1
2025-12-27,0.1128889992833137,1
2025-12-28,0.1123339980840683,1
2025-12-29,0.1124939993023872,1
2025-12-30,0.1099760010838508,1
2025-12-31,0.1079929992556572,1
2026-01-01,0.1108369976282119,1
2026-01-02,0.1210279986262321,1
2026-01-03,0.1231189966201782,1
2026-01-04,0.1292210072278976,1
2026-01-05,0.128370001912117,0
2026-01-06,0.135344997048378,1
2026-01-07,0.1260530054569244,0
2026-01-08,0.1269049942493438,1
2026-01-09,0.1261039972305297,1
2026-01-10,0.1230200007557869,1
2026-01-11,0.1256240010261535,1
2026-01-12,0.1235719993710517,1
2026-01-13,0.1312610059976577,1
2026-01-14,0.1354590058326721,1
2026-01-15,0.1343539953231811,1
2026-01-16,0.1321119964122772,1
2026-01-17,0.1316359937191009,1
2026-01-18,0.1292469948530197,1
2026-01-19,0.1262259930372238,1
2026-01-20,0.1184919998049736,1
2026-01-21,0.1180040016770362,1
2026-01-22,0.1170239970088005,1
2026-01-23,0.1187729984521865,1
2026-01-24,0.1186169981956482,1
2026-01-25,0.1128999963402748,1
2026-01-26,0.1150949969887733,1
2026-01-27,0.1148779988288879,1
2026-01-28,0.1171289980411529,1
2026-01-29,0.110725000500679,1
2026-01-30,0.1049399971961975,1
2026-01-31,0.0886010006070137,1
2026-02-01,0.0883990004658699,1
2026-02-02,0.0927440002560615,1
2026-02-03,0.088639996945858,1
2026-02-04,0.0868560001254081,1
2026-02-05,0.0700810030102729,1
2026-02-06,0.0794870033860206,1
2026-02-07,0.0765599980950355,1
2026-02-08,0.0779770016670227,1
2026-02-09,0.0871239975094795,1
2026-02-10,0.0851669982075691,1
2026-02-11,0.0783199965953826,1
2026-02-12,0.0774929970502853,1
2026-02-13,0.0816230028867721,1
2026-02-14,0.0882819965481758,1
2026-02-15,0.0851939991116523,0
2026-02-16,0.0889320001006126,0
2026-02-17,0.0845670029520988,1
2026-02-18,0.0823310017585754,1
2026-02-19,0.080264002084732,1
2026-02-20,0.0846970006823539,1
2026-02-21,0.0899519994854927,0
2026-02-22,0.0860970020294189,0
2026-02-23,0.0860840007662773,0
2026-02-24,0.0821850001811981,1
2026-02-25,0.0897620022296905,1
2026-02-26,0.144565001130104,1
2026-02-27,0.1167579963803291,0
2026-02-28,0.1082919985055923,0
2026-03-01,0.1397670060396194,0
2026-03-02,0.124559998512268,0
2026-03-03,0.1177420020103454,0
2026-03-04,0.1378030031919479,0
2026-03-05,0.1556849926710128,0
2026-03-06,0.1560820043087005,0
2026-03-07,0.15242999792099,0
2026-03-08,0.1421180069446563,0
2026-03-09,0.1416810005903244,0
2026-03-10,0.1426140069961547,0
2026-03-11,0.1316609978675842,0
2026-03-12,0.126237004995346,0
2026-03-13,0.123600997030735,1
2026-03-14,0.1215069964528083,1
2026-03-15,0.1207579970359802,1
2026-03-16,0.18715700507164,1
2026-03-17,0.1600279957056045,0
2026-03-18,0.1420670002698898,1
2026-03-19,0.1429080069065094,1
2026-03-20,0.1540820002555847,1
2026-03-21,0.1406150013208389,1
2026-03-22,0.1327259987592697,1
2026-03-23,0.131643995642662,1
2026-03-24,0.13298100233078,1
2026-03-25,0.1427100002765655,0
2026-03-26,0.1478510051965713,1
2026-03-27,0.1426379978656768,1
2026-03-28,0.1528519988059997,1
2026-03-29,0.161650002002716,0
2026-03-30,0.1675730049610138,0
2026-03-31,0.1650959998369217,0
2026-04-01,0.1545130014419555,0
2026-04-02,0.147707998752594,1
2026-04-03,0.1652580052614212,1
2026-04-04,0.1601060032844543,1
2026-04-05,0.1585920006036758,1
2026-04-06,0.1631180047988891,1
2026-04-07,0.1770509928464889,1
2026-04-08,0.1797139942646026,0
2026-04-09,0.2022069990634918,1
2026-04-10,0.2028380036354065,0
2026-04-11,0.2101999968290329,1
2026-04-12,0.1880400031805038,1
2026-04-13,0.2091310024261474,1
2026-04-14,0.2008389979600906,1
2026-04-15,0.2021079957485199,1
2026-04-16,0.2369499951601028,1
2026-04-17,0.2232190072536468,1
2026-04-18,0.2577770054340362,1
2026-04-19,0.2652769982814789,1
2026-04-20,0.2595919966697693,1
2026-04-21,0.2493119984865188,1
2026-04-22,0.2452850043773651,1
2026-04-23,0.2406219989061355,1
2026-04-24,0.2380699962377548,1
2026-04-25,0.211215004324913,1
2026-04-26,0.2198300063610077,1
2026-04-27,0.2046640068292617,1
2026-04-28,0.2109020054340362,1
2026-04-29,0.2032639980316162,1
2026-04-30,0.2013189941644668,1
2026-05-01,0.2034330070018768,1
2026-05-02,0.2094610035419464,1
2026-05-03,0.2069640010595321,1
2026-05-04,0.2152470052242279,1
2026-05-05,0.2374780029058456,1
2026-05-06,0.2735280096530914,1
2026-05-07,0.2904050052165985,1
2026-05-08,0.2937630116939544,1
2026-05-09,0.301272988319397,1
2026-05-10,0.3081009984016418,0
2026-05-11,0.3012700080871582,1
2026-05-12,0.2828969955444336,1
2026-05-13,0.2711920142173767,1
2026-05-14,0.2825610041618347,1
2026-05-15,0.2711809873580932,1
2026-05-16,0.2588259875774383,1
2026-05-17,0.2592769861221313,1
2026-05-18,0.2928589880466461,1
2026-05-19,0.2709980010986328,1
2026-05-20,0.3053829967975616,1
2026-05-21,0.3118999898433685,1
2026-05-22,0.2729740142822265,1
2026-05-23,0.2836300134658813,1
2026-05-24,0.2871190011501312,0
2026-05-25,0.2925809919834137,1
2026-05-26,0.2931999862194061,1
2026-05-27,0.2921240031719208,0
2026-05-28,0.2825379967689514,0
2026-05-29,0.2624500095844269,0
2026-05-30,0.2739709913730621,0
2026-05-31,0.267096996307373,0
2026-06-01,0.25068199634552,0
2026-06-02,0.2475990056991577,0
2026-06-03,0.2604190111160278,0
2026-06-04,0.2273759990930557,0
2026-06-05,0.1934950053691864,0
2026-06-06,0.190320998430252,0
2026-06-07,0.2036679983139038,0
2026-06-08,0.2014359980821609,0
2026-06-09,0.1950830072164535,0
2026-06-10,0.1976960003376007,0
2026-06-11,0.2171420007944107,0
2026-06-12,0.2088299989700317,0
2026-06-13,0.2110649943351745,0
2026-06-14,0.2181459963321685,0
2026-06-15,0.2162230014801025,0
2026-06-16,0.2270009964704513,0
2026-06-17,0.2370170056819915,0
2026-06-18,0.2353339940309524,0
2026-06-19,0.2381049990653991,0
2026-06-20,0.2293190062046051,0
2026-06-21,0.2238270044326782,0
2026-06-22,0.221463993191719,0
2026-06-23,0.2124920040369033,0
2026-06-24,0.206167995929718,0
2026-06-25,0.2055110037326812,0
2026-06-26,0.2123920023441314,0
2026-06-27,0.2102610021829605,1
2026-06-28,0.1981099992990493,1
2026-06-29,0.2055380046367645,1
2026-06-30,0.1943549960851669,1
2026-07-01,0.1897280067205429,1
2026-07-02,0.1997980028390884,1
2026-07-03,0.2017409950494766,1
2026-07-04,0.2001709938049316,1
2026-07-05,0.199193000793457,1
2026-07-06,0.1989070028066635,1
2026-07-07,0.1928340047597885,1
2026-07-08,0.1860450059175491,1
2026-07-09,0.1897359937429428,1
2026-07-10,0.191429004073143,1
2026-07-11,0.1841190010309219,1
2026-07-12,0.1820529997348785,1
2026-07-13,0.1748570054769516,1
2026-07-14,0.1789100021123886,1
2026-07-15,0.1865449994802475,1
2026-07-16,0.1847490072250366,1
2026-07-17,0.1682399958372116,1
2026-07-18,0.1652269959449768,1
2026-07-19,0.1646029949188232,1
2026-07-20,0.1739290058612823,1
2026-07-21,0.1828179955482483,1
2026-07-22,0.1848859935998916,1
2026-07-23,0.1815399974584579,1
2026-07-24,0.1706169992685318,1
2026-07-25,0.1704439967870712,1
2026-07-26,0.183445006608963,1
2026-07-27,0.1767529994249344,1
2026-07-28,0.1863899976015091,1
2026-07-29,0.1734389960765838,1
2026-07-30,0.1809480041265487,1
2026-07-31,0.1746760010719299,1
2026-08-01,0.1731009930372238,1
2026-08-02,0.1755640059709549,1
2026-08-03,0.1743890047073364,1
2026-08-04,0.1688189953565597,1
2026-08-05,0.16838699579238892,1
2026-08-06,0.16850000619888306,1
