Date,Index
2017-01-01,1.0
2017-01-02,1.0
2017-01-03,1.0
2017-01-04,1.0
2017-01-05,1.0
2017-01-06,1.0
2017-01-07,1.0
2017-01-08,1.0
2017-01-09,1.0
2017-01-10,1.0
2017-01-11,1.0
2017-01-12,1.0
2017-01-13,1.0
2017-01-14,1.0
2017-01-15,1.0
2017-01-16,1.0
2017-01-17,1.0
2017-01-18,1.0
2017-01-19,1.0
2017-01-20,1.0
2017-01-21,1.0
2017-01-22,1.0
2017-01-23,1.0
2017-01-24,1.0
2017-01-25,1.0
2017-01-26,1.0
2017-01-27,1.0
2017-01-28,1.0
2017-01-29,1.0
2017-01-30,1.0
2017-01-31,1.0
2017-02-01,1.0
2017-02-02,1.0
2017-02-03,1.0
2017-02-04,1.0
2017-02-05,1.0
2017-02-06,1.0
2017-02-07,1.0
2017-02-08,1.0
2017-02-09,1.0
2017-02-10,1.0
2017-02-11,1.0
2017-02-12,1.0
2017-02-13,1.0
2017-02-14,1.0
2017-02-15,1.0
2017-02-16,0.5
2017-02-17,0.5
2017-02-18,1.0
2017-02-19,1.0
2017-02-20,0.5
2017-02-21,0.5
2017-02-22,0.5
2017-02-23,0.5
2017-02-24,0.5
2017-02-25,1.0
2017-02-26,1.0
2017-02-27,0.5
2017-02-28,0.5
2017-03-01,0.5
2017-03-02,1.0
2017-03-03,1.0
2017-03-04,1.0
2017-03-05,1.0
2017-03-06,1.0
2017-03-07,1.0
2017-03-08,1.0
2017-03-09,1.0
2017-03-10,1.0
2017-03-11,1.0
2017-03-12,1.0
2017-03-13,1.0
2017-03-14,1.0
2017-03-15,1.0
2017-03-16,1.0
2017-03-17,1.0
2017-03-18,1.0
2017-03-19,1.0
2017-03-20,1.0
2017-03-21,1.0
2017-03-22,1.0
2017-03-23,1.0
2017-03-24,1.0
2017-03-25,1.0
2017-03-26,1.0
2017-03-27,1.0
2017-03-28,1.0
2017-03-29,1.0
2017-03-30,0.5
2017-03-31,0.5
2017-04-01,0.5
2017-04-02,0.5
2017-04-03,0.5
2017-04-04,0.5
2017-04-05,0.5
2017-04-06,0.5
2017-04-07,0.5
2017-04-08,1.0
2017-04-09,1.0
2017-04-10,1.0
2017-04-11,1.0
2017-04-12,1.0
2017-04-13,1.0
2017-04-14,1.0
2017-04-15,1.0
2017-04-16,1.0
2017-04-17,1.0
2017-04-18,1.0
2017-04-19,1.0
2017-04-20,1.0
2017-04-21,1.0
2017-04-22,1.0
2017-04-23,1.0
2017-04-24,1.0
2017-04-25,1.0
2017-04-26,1.0
2017-04-27,1.0
2017-04-28,1.0
2017-04-29,1.0
2017-04-30,1.0
2017-05-01,1.0
2017-05-02,1.0
2017-05-03,1.0
2017-05-04,1.0
2017-05-05,1.0
2017-05-06,1.0
2017-05-07,1.0
2017-05-08,1.0
2017-05-09,1.0
2017-05-10,1.0
2017-05-11,1.0
2017-05-12,1.0
2017-05-13,1.0
2017-05-14,1.0
2017-05-15,1.0
2017-05-16,1.0
2017-05-17,1.0
2017-05-18,1.0
2017-05-19,1.0
2017-05-20,1.0
2017-05-21,1.0
2017-05-22,1.0
2017-05-23,1.0
2017-05-24,1.0
2017-05-25,1.0
2017-05-26,1.0
2017-05-27,1.0
2017-05-28,1.0
2017-05-29,1.0
2017-05-30,1.0
2017-05-31,1.0
2017-06-01,1.0
2017-06-02,1.0
2017-06-03,1.0
2017-06-04,1.0
2017-06-05,1.0
2017-06-06,1.0
2017-06-07,1.0
2017-06-08,1.0
2017-06-09,1.0
2017-06-10,1.0
2017-06-11,1.0
2017-06-12,1.0
2017-06-13,1.0
2017-06-14,1.0
2017-06-15,1.0
2017-06-16,1.0
2017-06-17,1.0
2017-06-18,1.0
2017-06-19,1.0
2017-06-20,1.0
2017-06-21,1.0
2017-06-22,1.0
2017-06-23,1.0
2017-06-24,1.0
2017-06-25,1.0
2017-06-26,0.5
2017-06-27,0.5
2017-06-28,0.5
2017-06-29,0.5
2017-06-30,0.5
2017-07-01,0.0
2017-07-02,0.0
2017-07-03,0.0
2017-07-04,0.0
2017-07-05,0.0
2017-07-06,0.0
2017-07-07,0.0
2017-07-08,0.0
2017-07-09,0.0
2017-07-10,0.0
2017-07-11,1.0
2017-07-12,1.0
2017-07-13,0.5
2017-07-14,0.5
2017-07-15,1.0
2017-07-16,1.0
2017-07-17,1.0
2017-07-18,1.0
2017-07-19,1.0
2017-07-20,1.0
2017-07-21,1.0
2017-07-22,1.0
2017-07-23,1.0
2017-07-24,1.0
2017-07-25,1.0
2017-07-26,1.0
2017-07-27,1.0
2017-07-28,1.0
2017-07-29,1.0
2017-07-30,1.0
2017-07-31,1.0
2017-08-01,1.0
2017-08-02,1.0
2017-08-03,1.0
2017-08-04,1.0
2017-08-05,1.0
2017-08-06,1.0
2017-08-07,1.0
2017-08-08,1.0
2017-08-09,1.0
2017-08-10,1.0
2017-08-11,1.0
2017-08-12,1.0
2017-08-13,1.0
2017-08-14,1.0
2017-08-15,1.0
2017-08-16,1.0
2017-08-17,1.0
2017-08-18,1.0
2017-08-19,1.0
2017-08-20,1.0
2017-08-21,1.0
2017-08-22,1.0
2017-08-23,1.0
2017-08-24,1.0
2017-08-25,1.0
2017-08-26,1.0
2017-08-27,1.0
2017-08-28,1.0
2017-08-29,1.0
2017-08-30,1.0
2017-08-31,1.0
2017-09-01,1.0
2017-09-02,1.0
2017-09-03,1.0
2017-09-04,1.0
2017-09-05,1.0
2017-09-06,1.0
2017-09-07,1.0
2017-09-08,1.0
2017-09-09,1.0
2017-09-10,1.0
2017-09-11,1.0
2017-09-12,1.0
2017-09-13,1.0
2017-09-14,1.0
2017-09-15,1.0
2017-09-16,1.0
2017-09-17,1.0
2017-09-18,1.0
2017-09-19,1.0
2017-09-20,1.0
2017-09-21,1.0
2017-09-22,1.0
2017-09-23,1.0
2017-09-24,1.0
2017-09-25,1.0
2017-09-26,1.0
2017-09-27,1.0
2017-09-28,1.0
2017-09-29,1.0
2017-09-30,1.0
2017-10-01,1.0
2017-10-02,1.0
2017-10-03,1.0
2017-10-04,1.0
2017-10-05,1.0
2017-10-06,1.0
2017-10-07,1.0
2017-10-08,1.0
2017-10-09,1.0
2017-10-10,1.0
2017-10-11,1.0
2017-10-12,1.0
2017-10-13,1.0
2017-10-14,1.0
2017-10-15,1.0
2017-10-16,1.0
2017-10-17,1.0
2017-10-18,1.0
2017-10-19,0.5
2017-10-20,0.5
2017-10-21,0.5
2017-10-22,0.5
2017-10-23,0.5
2017-10-24,0.5
2017-10-25,1.0
2017-10-26,1.0
2017-10-27,1.0
2017-10-28,1.0
2017-10-29,1.0
2017-10-30,1.0
2017-10-31,1.0
2017-11-01,1.0
2017-11-02,1.0
2017-11-03,1.0
2017-11-04,1.0
2017-11-05,1.0
2017-11-06,1.0
2017-11-07,1.0
2017-11-08,1.0
2017-11-09,1.0
2017-11-10,1.0
2017-11-11,1.0
2017-11-12,1.0
2017-11-13,1.0
2017-11-14,1.0
2017-11-15,1.0
2017-11-16,1.0
2017-11-17,1.0
2017-11-18,1.0
2017-11-19,1.0
2017-11-20,1.0
2017-11-21,1.0
2017-11-22,1.0
2017-11-23,1.0
2017-11-24,1.0
2017-11-25,1.0
2017-11-26,0.5
2017-11-27,0.5
2017-11-28,0.5
2017-11-29,0.5
2017-11-30,1.0
2017-12-01,0.5
2017-12-02,1.0
2017-12-03,1.0
2017-12-04,1.0
2017-12-05,1.0
2017-12-06,1.0
2017-12-07,0.5
2017-12-08,0.5
2017-12-09,-0.5
2017-12-10,-0.5
2017-12-11,-0.5
2017-12-12,-0.5
2017-12-13,-0.5
2017-12-14,-0.5
2017-12-15,-1.0
2017-12-16,-1.0
2017-12-17,-1.0
2017-12-18,-0.5
2017-12-19,-0.5
2017-12-20,-0.5
2017-12-21,-0.5
2017-12-22,-1.0
2017-12-23,-1.0
2017-12-24,-1.0
2017-12-25,-1.0
2017-12-26,-1.0
2017-12-27,-1.0
2017-12-28,-1.0
2017-12-29,-1.0
2017-12-30,-1.0
2017-12-31,-0.5
2018-01-01,-0.5
2018-01-02,-0.5
2018-01-03,-1.0
2018-01-04,-1.0
2018-01-05,-1.0
2018-01-06,-1.0
2018-01-07,-1.0
2018-01-08,-1.0
2018-01-09,-1.0
2018-01-10,-1.0
2018-01-11,-1.0
2018-01-12,-1.0
2018-01-13,-1.0
2018-01-14,-1.0
2018-01-15,-1.0
2018-01-16,-1.0
2018-01-17,-1.0
2018-01-18,-1.0
2018-01-19,-1.0
2018-01-20,-1.0
2018-01-21,-1.0
2018-01-22,-1.0
2018-01-23,-1.0
2018-01-24,-1.0
2018-01-25,-1.0
2018-01-26,-1.0
2018-01-27,-1.0
2018-01-28,-1.0
2018-01-29,-0.5
2018-01-30,-0.5
2018-01-31,-1.0
2018-02-01,-1.0
2018-02-02,-1.0
2018-02-03,-1.0
2018-02-04,-1.0
2018-02-05,-1.0
2018-02-06,-0.5
2018-02-07,-0.5
2018-02-08,-0.5
2018-02-09,-0.5
2018-02-10,-0.5
2018-02-11,-0.5
2018-02-12,-0.5
2018-02-13,-0.5
2018-02-14,-0.5
2018-02-15,-0.5
2018-02-16,-0.5
2018-02-17,-0.5
2018-02-18,-0.5
2018-02-19,-0.5
2018-02-20,-0.5
2018-02-21,-0.5
2018-02-22,-0.5
2018-02-23,-0.5
2018-02-24,-0.5
2018-02-25,-0.5
2018-02-26,-0.5
2018-02-27,-0.5
2018-02-28,-0.5
2018-03-01,-0.5
2018-03-02,-0.5
2018-03-03,-0.5
2018-03-04,-0.5
2018-03-05,-0.5
2018-03-06,-0.5
2018-03-07,-0.5
2018-03-08,-0.5
2018-03-09,-0.5
2018-03-10,-0.5
2018-03-11,-0.5
2018-03-12,-0.5
2018-03-13,-0.5
2018-03-14,-0.5
2018-03-15,-0.5
2018-03-16,-0.5
2018-03-17,-0.5
2018-03-18,-0.5
2018-03-19,-0.5
2018-03-20,-0.5
2018-03-21,-0.5
2018-03-22,-0.5
2018-03-23,-1.0
2018-03-24,-1.0
2018-03-25,-0.5
2018-03-26,-0.5
2018-03-27,-0.5
2018-03-28,-0.5
2018-03-29,-0.5
2018-03-30,-0.5
2018-03-31,-0.5
2018-04-01,-0.5
2018-04-02,-0.5
2018-04-03,-0.5
2018-04-04,-0.5
2018-04-05,-0.5
2018-04-06,-0.5
2018-04-07,-0.5
2018-04-08,-0.5
2018-04-09,-0.5
2018-04-10,-0.5
2018-04-11,-0.5
2018-04-12,-0.5
2018-04-13,-0.5
2018-04-14,-0.5
2018-04-15,-0.5
2018-04-16,-0.5
2018-04-17,-0.5
2018-04-18,-0.5
2018-04-19,-0.5
2018-04-20,-0.5
2018-04-21,-1.0
2018-04-22,-1.0
2018-04-23,-1.0
2018-04-24,-1.0
2018-04-25,-1.0
2018-04-26,-1.0
2018-04-27,-1.0
2018-04-28,-1.0
2018-04-29,-1.0
2018-04-30,-0.5
2018-05-01,-1.0
2018-05-02,-1.0
2018-05-03,-1.0
2018-05-04,-1.0
2018-05-05,-1.0
2018-05-06,-1.0
2018-05-07,-1.0
2018-05-08,-1.0
2018-05-09,-1.0
2018-05-10,-1.0
2018-05-11,-1.0
2018-05-12,-1.0
2018-05-13,-1.0
2018-05-14,-1.0
2018-05-15,-1.0
2018-05-16,-1.0
2018-05-17,-1.0
2018-05-18,-1.0
2018-05-19,-1.0
2018-05-20,-1.0
2018-05-21,-1.0
2018-05-22,-1.0
2018-05-23,-1.0
2018-05-24,-1.0
2018-05-25,-1.0
2018-05-26,-1.0
2018-05-27,-1.0
2018-05-28,-1.0
2018-05-29,-1.0
2018-05-30,-1.0
2018-05-31,-1.0
2018-06-01,-1.0
2018-06-02,-1.0
2018-06-03,-1.0
2018-06-04,-1.0
2018-06-05,-1.0
2018-06-06,-1.0
2018-06-07,-1.0
2018-06-08,-1.0
2018-06-09,-1.0
2018-06-10,-1.0
2018-06-11,-1.0
2018-06-12,-1.0
2018-06-13,-1.0
2018-06-14,-1.0
2018-06-15,-1.0
2018-06-16,-0.5
2018-06-17,-0.6
2018-06-18,-0.6
2018-06-19,-0.6
2018-06-20,-0.6
2018-06-21,-0.6
2018-06-22,-0.6
2018-06-23,-0.6
2018-06-24,-0.6
2018-06-25,-0.6
2018-06-26,-0.6666666666666666
2018-06-27,-0.6666666666666666
2018-06-28,-0.6666666666666666
2018-06-29,-0.6666666666666666
2018-06-30,-0.6666666666666666
2018-07-01,-0.6666666666666666
2018-07-02,-0.8333333333333334
2018-07-03,-0.8333333333333334
2018-07-04,-0.8333333333333334
2018-07-05,-0.8333333333333334
2018-07-06,-0.8333333333333334
2018-07-07,-0.8333333333333334
2018-07-08,-0.8333333333333334
2018-07-09,-1.0
2018-07-10,-1.0
2018-07-11,-0.8571428571428571
2018-07-12,-0.8571428571428571
2018-07-13,-0.8571428571428571
2018-07-14,-0.8571428571428571
2018-07-15,-0.8571428571428571
2018-07-16,-0.8571428571428571
2018-07-17,-1.0
2018-07-18,-0.7142857142857143
2018-07-19,-0.7142857142857143
2018-07-20,-0.7142857142857143
2018-07-21,-0.7142857142857143
2018-07-22,-0.7142857142857143
2018-07-23,-0.7142857142857143
2018-07-24,-0.7142857142857143
2018-07-25,-0.7142857142857143
2018-07-26,-0.5714285714285714
2018-07-27,-0.7142857142857143
2018-07-28,-0.8571428571428571
2018-07-29,-0.7142857142857143
2018-07-30,-0.7142857142857143
2018-07-31,-0.7142857142857143
2018-08-01,-0.7142857142857143
2018-08-02,-0.8571428571428571
2018-08-03,-0.7142857142857143
2018-08-04,-0.7142857142857143
2018-08-05,-0.7142857142857143
2018-08-06,-0.5714285714285714
2018-08-07,-0.42857142857142855
2018-08-08,-0.375
2018-08-09,-0.375
2018-08-10,-0.3333333333333333
2018-08-11,-0.2222222222222222
2018-08-12,-0.2222222222222222
2018-08-13,-0.1111111111111111
2018-08-14,-0.1111111111111111
2018-08-15,-0.1111111111111111
2018-08-16,0.0
2018-08-17,0.0
2018-08-18,-0.09090909090909091
2018-08-19,-0.09090909090909091
2018-08-20,-0.09090909090909091
2018-08-21,-0.18181818181818182
2018-08-22,-0.18181818181818182
2018-08-23,-0.18181818181818182
2018-08-24,-0.09090909090909091
2018-08-25,0.0
2018-08-26,0.0
2018-08-27,-0.09090909090909091
2018-08-28,-0.18181818181818182
2018-08-29,-0.45454545454545453
2018-08-30,-0.36363636363636365
2018-08-31,-0.36363636363636365
2018-09-01,-0.36363636363636365
2018-09-02,-0.36363636363636365
2018-09-03,-0.36363636363636365
2018-09-04,-0.2727272727272727
2018-09-05,-0.2727272727272727
2018-09-06,-0.2727272727272727
2018-09-07,-0.09090909090909091
2018-09-08,0.0
2018-09-09,-0.09090909090909091
2018-09-10,-0.09090909090909091
2018-09-11,-0.09090909090909091
2018-09-12,0.0
2018-09-13,0.0
2018-09-14,-0.09090909090909091
2018-09-15,-0.09090909090909091
2018-09-16,-0.09090909090909091
2018-09-17,-0.08333333333333333
2018-09-18,-0.08333333333333333
2018-09-19,-0.07142857142857142
2018-09-20,-0.07142857142857142
2018-09-21,-0.3333333333333333
2018-09-22,-0.3333333333333333
2018-09-23,-0.4666666666666667
2018-09-24,-0.4666666666666667
2018-09-25,-0.4666666666666667
2018-09-26,-0.4
2018-09-27,-0.4
2018-09-28,-0.3333333333333333
2018-09-29,-0.3333333333333333
2018-09-30,-0.3333333333333333
2018-10-01,-0.3333333333333333
2018-10-02,-0.2
2018-10-03,-0.3333333333333333
2018-10-04,-0.375
2018-10-05,-0.4117647058823529
2018-10-06,-0.47058823529411764
2018-10-07,-0.5294117647058824
2018-10-08,-0.5294117647058824
2018-10-09,-0.5294117647058824
2018-10-10,-0.5294117647058824
2018-10-11,-0.5294117647058824
2018-10-12,-0.4117647058823529
2018-10-13,-0.4117647058823529
2018-10-14,-0.4117647058823529
2018-10-15,-0.47058823529411764
2018-10-16,-0.47058823529411764
2018-10-17,-0.47058823529411764
2018-10-18,-0.47058823529411764
2018-10-19,-0.5555555555555556
2018-10-20,-0.5555555555555556
2018-10-21,-0.6111111111111112
2018-10-22,-0.5555555555555556
2018-10-23,-0.5263157894736842
2018-10-24,-0.5263157894736842
2018-10-25,-0.5789473684210527
2018-10-26,-0.6842105263157895
2018-10-27,-0.6842105263157895
2018-10-28,-0.6842105263157895
2018-10-29,-0.6842105263157895
2018-10-30,-0.65
2018-10-31,-0.65
2018-11-01,-0.7
2018-11-02,-0.75
2018-11-03,-0.75
2018-11-04,-0.6666666666666666
2018-11-05,-0.7142857142857143
2018-11-06,-0.6666666666666666
2018-11-07,-0.6666666666666666
2018-11-08,-0.7142857142857143
2018-11-09,-0.6190476190476191
2018-11-10,-0.5714285714285714
2018-11-11,-0.6190476190476191
2018-11-12,-0.5714285714285714
2018-11-13,-0.6190476190476191
2018-11-14,-0.5714285714285714
2018-11-15,-0.5454545454545454
2018-11-16,-0.5454545454545454
2018-11-17,-0.45454545454545453
2018-11-18,-0.45454545454545453
2018-11-19,-0.4090909090909091
2018-11-20,-0.30434782608695654
2018-11-21,-0.2608695652173913
2018-11-22,-0.2608695652173913
2018-11-23,-0.13043478260869565
2018-11-24,-0.041666666666666664
2018-11-25,0.041666666666666664
2018-11-26,0.0
2018-11-27,-0.12
2018-11-28,-0.08
2018-11-29,0.0
2018-11-30,0.0
2018-12-01,0.0
2018-12-02,0.04
2018-12-03,0.04
2018-12-04,0.16
2018-12-05,0.16
2018-12-06,0.2
2018-12-07,0.2
2018-12-08,0.24
2018-12-09,0.28
2018-12-10,0.32
2018-12-11,0.4
2018-12-12,0.4
2018-12-13,0.36
2018-12-14,0.32
2018-12-15,0.36
2018-12-16,0.36
2018-12-17,0.32
2018-12-18,0.32
2018-12-19,0.28
2018-12-20,0.28
2018-12-21,0.2
2018-12-22,0.08
2018-12-23,0.12
2018-12-24,0.16
2018-12-25,0.12
2018-12-26,0.2
2018-12-27,0.2
2018-12-28,0.16
2018-12-29,0.16
2018-12-30,0.24
2018-12-31,0.24
2019-01-01,0.24
2019-01-02,0.24
2019-01-03,0.36
2019-01-04,0.32
2019-01-05,0.32
2019-01-06,0.32
2019-01-07,0.32
2019-01-08,0.36
2019-01-09,0.4
2019-01-10,0.4
2019-01-11,0.44
2019-01-12,0.44
2019-01-13,0.4
2019-01-14,0.44
2019-01-15,0.44
2019-01-16,0.32
2019-01-17,0.32
2019-01-18,0.32
2019-01-19,0.36
2019-01-20,0.32
2019-01-21,0.24
2019-01-22,0.28
2019-01-23,0.24
2019-01-24,0.24
2019-01-25,0.24
2019-01-26,0.28
2019-01-27,0.36
2019-01-28,0.36
2019-01-29,0.4
2019-01-30,0.36
2019-01-31,0.4
2019-02-01,0.36
2019-02-02,0.36
2019-02-03,0.4
2019-02-04,0.4
2019-02-05,0.4
2019-02-06,0.44
2019-02-07,0.44
2019-02-08,0.44
2019-02-09,0.36
2019-02-10,0.44
2019-02-11,0.48
2019-02-12,0.48
2019-02-13,0.44
2019-02-14,0.44
2019-02-15,0.44
2019-02-16,0.48
2019-02-17,0.44
2019-02-18,0.4
2019-02-19,0.44
2019-02-20,0.44
2019-02-21,0.52
2019-02-22,0.48
2019-02-23,0.48
2019-02-24,0.52
2019-02-25,0.56
2019-02-26,0.44
2019-02-27,0.48
2019-02-28,0.56
2019-03-01,0.52
2019-03-02,0.52
2019-03-03,0.44
2019-03-04,0.44
2019-03-05,0.4
2019-03-06,0.4
2019-03-07,0.48
2019-03-08,0.4
2019-03-09,0.36
2019-03-10,0.4
2019-03-11,0.32
2019-03-12,0.36
2019-03-13,0.32
2019-03-14,0.4
2019-03-15,0.4
2019-03-16,0.48148148148148145
2019-03-17,0.48148148148148145
2019-03-18,0.4444444444444444
2019-03-19,0.4444444444444444
2019-03-20,0.4444444444444444
2019-03-21,0.4074074074074074
2019-03-22,0.4074074074074074
2019-03-23,0.4444444444444444
2019-03-24,0.4444444444444444
2019-03-25,0.4444444444444444
2019-03-26,0.37037037037037035
2019-03-27,0.37037037037037035
2019-03-28,0.37037037037037035
2019-03-29,0.3333333333333333
2019-03-30,0.37037037037037035
2019-03-31,0.2962962962962963
2019-04-01,0.2962962962962963
2019-04-02,0.25925925925925924
2019-04-03,0.21428571428571427
2019-04-04,0.25
2019-04-05,0.25
2019-04-06,0.21428571428571427
2019-04-07,0.21428571428571427
2019-04-08,0.17857142857142858
2019-04-09,0.21428571428571427
2019-04-10,0.17857142857142858
2019-04-11,0.17857142857142858
2019-04-12,0.25
2019-04-13,0.17857142857142858
2019-04-14,0.21428571428571427
2019-04-15,0.21428571428571427
2019-04-16,0.21428571428571427
2019-04-17,0.17857142857142858
2019-04-18,0.17857142857142858
2019-04-19,0.14285714285714285
2019-04-20,0.14285714285714285
2019-04-21,0.14285714285714285
2019-04-22,0.21428571428571427
2019-04-23,0.21428571428571427
2019-04-24,0.17857142857142858
2019-04-25,0.21428571428571427
2019-04-26,0.21428571428571427
2019-04-27,0.25
2019-04-28,0.25
2019-04-29,0.25
2019-04-30,0.25
2019-05-01,0.32142857142857145
2019-05-02,0.2857142857142857
2019-05-03,0.2857142857142857
2019-05-04,0.21428571428571427
2019-05-05,0.21428571428571427
2019-05-06,0.2857142857142857
2019-05-07,0.32142857142857145
2019-05-08,0.35714285714285715
2019-05-09,0.32142857142857145
2019-05-10,0.35714285714285715
2019-05-11,0.2857142857142857
2019-05-12,0.2857142857142857
2019-05-13,0.25
2019-05-14,0.2857142857142857
2019-05-15,0.25
2019-05-16,0.17857142857142858
2019-05-17,0.14285714285714285
2019-05-18,0.14285714285714285
2019-05-19,0.14285714285714285
2019-05-20,0.17857142857142858
2019-05-21,0.17857142857142858
2019-05-22,0.1724137931034483
2019-05-23,0.1724137931034483
2019-05-24,0.1724137931034483
2019-05-25,0.1724137931034483
2019-05-26,0.1724137931034483
2019-05-27,0.1724137931034483
2019-05-28,0.13793103448275862
2019-05-29,0.06896551724137931
2019-05-30,0.06896551724137931
2019-05-31,0.10344827586206896
2019-06-01,0.034482758620689655
2019-06-02,0.13793103448275862
2019-06-03,0.10344827586206896
2019-06-04,0.13793103448275862
2019-06-05,0.06896551724137931
2019-06-06,0.06896551724137931
2019-06-07,0.06896551724137931
2019-06-08,0.0
2019-06-09,-0.10344827586206896
2019-06-10,-0.10344827586206896
2019-06-11,-0.06896551724137931
2019-06-12,-0.1724137931034483
2019-06-13,-0.13793103448275862
2019-06-14,-0.20689655172413793
2019-06-15,-0.20689655172413793
2019-06-16,-0.20689655172413793
2019-06-17,-0.2413793103448276
2019-06-18,-0.2413793103448276
2019-06-19,-0.23333333333333334
2019-06-20,-0.26666666666666666
2019-06-21,-0.26666666666666666
2019-06-22,-0.26666666666666666
2019-06-23,-0.23333333333333334
2019-06-24,-0.26666666666666666
2019-06-25,-0.23333333333333334
2019-06-26,-0.23333333333333334
2019-06-27,-0.26666666666666666
2019-06-28,-0.2
2019-06-29,-0.2
2019-06-30,-0.3
2019-07-01,-0.26666666666666666
2019-07-02,-0.23333333333333334
2019-07-03,-0.26666666666666666
2019-07-04,-0.3
2019-07-05,-0.3
2019-07-06,-0.26666666666666666
2019-07-07,-0.3
2019-07-08,-0.3
2019-07-09,-0.3
2019-07-10,-0.3333333333333333
2019-07-11,-0.26666666666666666
2019-07-12,-0.23333333333333334
2019-07-13,-0.2
2019-07-14,-0.13333333333333333
2019-07-15,-0.16666666666666666
2019-07-16,-0.16666666666666666
2019-07-17,-0.06666666666666667
2019-07-18,0.03333333333333333
2019-07-19,0.03333333333333333
2019-07-20,0.03333333333333333
2019-07-21,0.0
2019-07-22,0.03333333333333333
2019-07-23,0.0
2019-07-24,0.03333333333333333
2019-07-25,-0.03333333333333333
2019-07-26,0.0
2019-07-27,0.03333333333333333
2019-07-28,0.03333333333333333
2019-07-29,0.03333333333333333
2019-07-30,0.03333333333333333
2019-07-31,-0.03333333333333333
2019-08-01,-0.03333333333333333
2019-08-02,-0.03333333333333333
2019-08-03,-0.06451612903225806
2019-08-04,-0.06451612903225806
2019-08-05,-0.06451612903225806
2019-08-06,-0.06451612903225806
2019-08-07,-0.03225806451612903
2019-08-08,0.0
2019-08-09,-0.03225806451612903
2019-08-10,-0.03225806451612903
2019-08-11,0.0
2019-08-12,0.0
2019-08-13,0.0
2019-08-14,0.0967741935483871
2019-08-15,0.0967741935483871
2019-08-16,0.06451612903225806
2019-08-17,0.0967741935483871
2019-08-18,0.125
2019-08-19,0.125
2019-08-20,0.09375
2019-08-21,0.125
2019-08-22,0.125
2019-08-23,0.09375
2019-08-24,0.09375
2019-08-25,0.15625
2019-08-26,0.21875
2019-08-27,0.21875
2019-08-28,0.1875
2019-08-29,0.15625
2019-08-30,0.125
2019-08-31,0.09375
2019-09-01,0.09375
2019-09-02,0.09375
2019-09-03,0.0625
2019-09-04,0.09375
2019-09-05,0.125
2019-09-06,0.0625
2019-09-07,0.09375
2019-09-08,0.09375
2019-09-09,0.09375
2019-09-10,0.09375
2019-09-11,0.09375
2019-09-12,0.125
2019-09-13,0.125
2019-09-14,0.125
2019-09-15,0.15625
2019-09-16,0.15625
2019-09-17,0.1875
2019-09-18,0.125
2019-09-19,0.15625
2019-09-20,0.09375
2019-09-21,0.09375
2019-09-22,0.15625
2019-09-23,0.125
2019-09-24,0.125
2019-09-25,0.25
2019-09-26,0.3125
2019-09-27,0.3125
2019-09-28,0.3125
2019-09-29,0.28125
2019-09-30,0.28125
2019-10-01,0.34375
2019-10-02,0.25
2019-10-03,0.3125
2019-10-04,0.28125
2019-10-05,0.28125
2019-10-06,0.34375
2019-10-07,0.375
2019-10-08,0.375
2019-10-09,0.28125
2019-10-10,0.28125
2019-10-11,0.28125
2019-10-12,0.28125
2019-10-13,0.25
2019-10-14,0.28125
2019-10-15,0.28125
2019-10-16,0.28125
2019-10-17,0.30303030303030304
2019-10-18,0.36363636363636365
2019-10-19,0.35294117647058826
2019-10-20,0.3235294117647059
2019-10-21,0.3235294117647059
2019-10-22,0.3235294117647059
2019-10-23,0.2647058823529412
2019-10-24,0.29411764705882354
2019-10-25,0.29411764705882354
2019-10-26,0.29411764705882354
2019-10-27,0.29411764705882354
2019-10-28,0.29411764705882354
2019-10-29,0.20588235294117646
2019-10-30,0.23529411764705882
2019-10-31,0.23529411764705882
2019-11-01,0.17647058823529413
2019-11-02,0.11764705882352941
2019-11-03,0.11764705882352941
2019-11-04,0.11764705882352941
2019-11-05,0.14705882352941177
2019-11-06,0.029411764705882353
2019-11-07,0.11764705882352941
2019-11-08,0.14285714285714285
2019-11-09,0.2
2019-11-10,0.17142857142857143
2019-11-11,0.17142857142857143
2019-11-12,0.14285714285714285
2019-11-13,0.22857142857142856
2019-11-14,0.14285714285714285
2019-11-15,0.11428571428571428
2019-11-16,0.11428571428571428
2019-11-17,0.14285714285714285
2019-11-18,0.11428571428571428
2019-11-19,0.08571428571428572
2019-11-20,0.17142857142857143
2019-11-21,0.22857142857142856
2019-11-22,0.2857142857142857
2019-11-23,0.3142857142857143
2019-11-24,0.3142857142857143
2019-11-25,0.3142857142857143
2019-11-26,0.3142857142857143
2019-11-27,0.34285714285714286
2019-11-28,0.2857142857142857
2019-11-29,0.2857142857142857
2019-11-30,0.2571428571428571
2019-12-01,0.2571428571428571
2019-12-02,0.22857142857142856
2019-12-03,0.22857142857142856
2019-12-04,0.22857142857142856
2019-12-05,0.2571428571428571
2019-12-06,0.2857142857142857
2019-12-07,0.3142857142857143
2019-12-08,0.37142857142857144
2019-12-09,0.34285714285714286
2019-12-10,0.37142857142857144
2019-12-11,0.3142857142857143
2019-12-12,0.3142857142857143
2019-12-13,0.3142857142857143
2019-12-14,0.3142857142857143
2019-12-15,0.3142857142857143
2019-12-16,0.3142857142857143
2019-12-17,0.34285714285714286
2019-12-18,0.4
2019-12-19,0.4
2019-12-20,0.4
2019-12-21,0.42857142857142855
2019-12-22,0.42857142857142855
2019-12-23,0.4857142857142857
2019-12-24,0.4857142857142857
2019-12-25,0.42857142857142855
2019-12-26,0.4
2019-12-27,0.4166666666666667
2019-12-28,0.4722222222222222
2019-12-29,0.4722222222222222
2019-12-30,0.4722222222222222
2019-12-31,0.4722222222222222
2020-01-01,0.4722222222222222
2020-01-02,0.4722222222222222
2020-01-03,0.5
2020-01-04,0.5
2020-01-05,0.5277777777777778
2020-01-06,0.5277777777777778
2020-01-07,0.5555555555555556
2020-01-08,0.5555555555555556
2020-01-09,0.5555555555555556
2020-01-10,0.5277777777777778
2020-01-11,0.5277777777777778
2020-01-12,0.5555555555555556
2020-01-13,0.5555555555555556
2020-01-14,0.5833333333333334
2020-01-15,0.5555555555555556
2020-01-16,0.5
2020-01-17,0.4722222222222222
2020-01-18,0.5277777777777778
2020-01-19,0.5675675675675675
2020-01-20,0.5405405405405406
2020-01-21,0.5135135135135135
2020-01-22,0.5405405405405406
2020-01-23,0.5675675675675675
2020-01-24,0.5405405405405406
2020-01-25,0.5405405405405406
2020-01-26,0.5405405405405406
2020-01-27,0.5405405405405406
2020-01-28,0.5675675675675675
2020-01-29,0.4594594594594595
2020-01-30,0.39473684210526316
2020-01-31,0.3684210526315789
2020-02-01,0.3684210526315789
2020-02-02,0.34210526315789475
2020-02-03,0.34210526315789475
2020-02-04,0.2894736842105263
2020-02-05,0.2894736842105263
2020-02-06,0.2631578947368421
2020-02-07,0.18421052631578946
2020-02-08,0.13157894736842105
2020-02-09,0.18421052631578946
2020-02-10,0.21052631578947367
2020-02-11,0.18421052631578946
2020-02-12,0.18421052631578946
2020-02-13,0.18421052631578946
2020-02-14,0.15789473684210525
2020-02-15,0.10526315789473684
2020-02-16,0.13157894736842105
2020-02-17,0.13157894736842105
2020-02-18,0.05263157894736842
2020-02-19,0.05263157894736842
2020-02-20,0.07894736842105263
2020-02-21,0.07894736842105263
2020-02-22,0.07894736842105263
2020-02-23,0.07894736842105263
2020-02-24,0.07894736842105263
2020-02-25,0.10526315789473684
2020-02-26,0.10526315789473684
2020-02-27,0.15789473684210525
2020-02-28,0.07894736842105263
2020-02-29,0.0
2020-03-01,0.05263157894736842
2020-03-02,0.15789473684210525
2020-03-03,0.15789473684210525
2020-03-04,0.21052631578947367
2020-03-05,0.15789473684210525
2020-03-06,0.13157894736842105
2020-03-07,0.10526315789473684
2020-03-08,0.13157894736842105
2020-03-09,0.18421052631578946
2020-03-10,0.18421052631578946
2020-03-11,0.15789473684210525
2020-03-12,0.23684210526315788
2020-03-13,0.631578947368421
2020-03-14,0.6578947368421053
2020-03-15,0.631578947368421
2020-03-16,0.631578947368421
2020-03-17,0.631578947368421
2020-03-18,0.6052631578947368
2020-03-19,0.6052631578947368
2020-03-20,0.5789473684210527
2020-03-21,0.5789473684210527
2020-03-22,0.6578947368421053
2020-03-23,0.6923076923076923
2020-03-24,0.6923076923076923
2020-03-25,0.6923076923076923
2020-03-26,0.6923076923076923
2020-03-27,0.6410256410256411
2020-03-28,0.6923076923076923
2020-03-29,0.717948717948718
2020-03-30,0.717948717948718
2020-03-31,0.6923076923076923
2020-04-01,0.6923076923076923
2020-04-02,0.6666666666666666
2020-04-03,0.6923076923076923
2020-04-04,0.7435897435897436
2020-04-05,0.725
2020-04-06,0.7317073170731707
2020-04-07,0.7073170731707317
2020-04-08,0.6829268292682927
2020-04-09,0.7073170731707317
2020-04-10,0.7073170731707317
2020-04-11,0.7142857142857143
2020-04-12,0.7380952380952381
2020-04-13,0.7380952380952381
2020-04-14,0.7380952380952381
2020-04-15,0.7619047619047619
2020-04-16,0.7857142857142857
2020-04-17,0.7619047619047619
2020-04-18,0.7857142857142857
2020-04-19,0.7619047619047619
2020-04-20,0.7380952380952381
2020-04-21,0.7619047619047619
2020-04-22,0.7380952380952381
2020-04-23,0.7619047619047619
2020-04-24,0.7619047619047619
2020-04-25,0.7380952380952381
2020-04-26,0.7142857142857143
2020-04-27,0.7142857142857143
2020-04-28,0.6666666666666666
2020-04-29,0.6666666666666666
2020-04-30,0.7142857142857143
2020-05-01,0.6976744186046512
2020-05-02,0.6976744186046512
2020-05-03,0.6511627906976745
2020-05-04,0.6744186046511628
2020-05-05,0.6744186046511628
2020-05-06,0.6511627906976745
2020-05-07,0.6976744186046512
2020-05-08,0.6976744186046512
2020-05-09,0.6976744186046512
2020-05-10,0.6744186046511628
2020-05-11,0.6744186046511628
2020-05-12,0.6511627906976745
2020-05-13,0.6511627906976745
2020-05-14,0.6511627906976745
2020-05-15,0.6511627906976745
2020-05-16,0.6976744186046512
2020-05-17,0.6511627906976745
2020-05-18,0.6511627906976745
2020-05-19,0.6744186046511628
2020-05-20,0.6744186046511628
2020-05-21,0.6511627906976745
2020-05-22,0.627906976744186
2020-05-23,0.627906976744186
2020-05-24,0.5813953488372093
2020-05-25,0.5813953488372093
2020-05-26,0.5813953488372093
2020-05-27,0.5581395348837209
2020-05-28,0.5813953488372093
2020-05-29,0.5581395348837209
2020-05-30,0.4883720930232558
2020-05-31,0.4418604651162791
2020-06-01,0.46511627906976744
2020-06-02,0.5116279069767442
2020-06-03,0.5581395348837209
2020-06-04,0.5581395348837209
2020-06-05,0.5813953488372093
2020-06-06,0.6046511627906976
2020-06-07,0.5813953488372093
2020-06-08,0.5813953488372093
2020-06-09,0.6046511627906976
2020-06-10,0.6046511627906976
2020-06-11,0.6046511627906976
2020-06-12,0.6046511627906976
2020-06-13,0.6046511627906976
2020-06-14,0.6046511627906976
2020-06-15,0.6046511627906976
2020-06-16,0.627906976744186
2020-06-17,0.627906976744186
2020-06-18,0.627906976744186
2020-06-19,0.627906976744186
2020-06-20,0.627906976744186
2020-06-21,0.627906976744186
2020-06-22,0.5813953488372093
2020-06-23,0.6046511627906976
2020-06-24,0.627906976744186
2020-06-25,0.627906976744186
2020-06-26,0.6744186046511628
2020-06-27,0.6976744186046512
2020-06-28,0.6976744186046512
2020-06-29,0.6744186046511628
2020-06-30,0.6744186046511628
2020-07-01,0.6744186046511628
2020-07-02,0.6744186046511628
2020-07-03,0.6744186046511628
2020-07-04,0.6511627906976745
2020-07-05,0.6046511627906976
2020-07-06,0.627906976744186
2020-07-07,0.6511627906976745
2020-07-08,0.6511627906976745
2020-07-09,0.5813953488372093
2020-07-10,0.6046511627906976
2020-07-11,0.6046511627906976
2020-07-12,0.5581395348837209
2020-07-13,0.5581395348837209
2020-07-14,0.5581395348837209
2020-07-15,0.6136363636363636
2020-07-16,0.6363636363636364
2020-07-17,0.6363636363636364
2020-07-18,0.6363636363636364
2020-07-19,0.6590909090909091
2020-07-20,0.6590909090909091
2020-07-21,0.5909090909090909
2020-07-22,0.5909090909090909
2020-07-23,0.6136363636363636
2020-07-24,0.6363636363636364
2020-07-25,0.6136363636363636
2020-07-26,0.5681818181818182
2020-07-27,0.5454545454545454
2020-07-28,0.5227272727272727
2020-07-29,0.5454545454545454
2020-07-30,0.5454545454545454
2020-07-31,0.5227272727272727
2020-08-01,0.5454545454545454
2020-08-02,0.5227272727272727
2020-08-03,0.5227272727272727
2020-08-04,0.5227272727272727
2020-08-05,0.5227272727272727
2020-08-06,0.4318181818181818
2020-08-07,0.4090909090909091
2020-08-08,0.38636363636363635
2020-08-09,0.4318181818181818
2020-08-10,0.4318181818181818
2020-08-11,0.4090909090909091
2020-08-12,0.38636363636363635
2020-08-13,0.38636363636363635
2020-08-14,0.29545454545454547
2020-08-15,0.25
2020-08-16,0.25
2020-08-17,0.2727272727272727
2020-08-18,0.2727272727272727
2020-08-19,0.2222222222222222
2020-08-20,0.2
2020-08-21,0.24444444444444444
2020-08-22,0.24444444444444444
2020-08-23,0.24444444444444444
2020-08-24,0.24444444444444444
2020-08-25,0.24444444444444444
2020-08-26,0.2222222222222222
2020-08-27,0.2
2020-08-28,0.17777777777777778
2020-08-29,0.2
2020-08-30,0.17777777777777778
2020-08-31,0.17777777777777778
2020-09-01,0.13333333333333333
2020-09-02,0.13333333333333333
2020-09-03,0.08888888888888889
2020-09-04,0.17777777777777778
2020-09-05,0.2222222222222222
2020-09-06,0.2222222222222222
2020-09-07,0.26666666666666666
2020-09-08,0.26666666666666666
2020-09-09,0.26666666666666666
2020-09-10,0.26666666666666666
2020-09-11,0.26666666666666666
2020-09-12,0.35555555555555557
2020-09-13,0.35555555555555557
2020-09-14,0.3695652173913043
2020-09-15,0.32608695652173914
2020-09-16,0.34782608695652173
2020-09-17,0.3695652173913043
2020-09-18,0.41304347826086957
2020-09-19,0.41304347826086957
2020-09-20,0.43478260869565216
2020-09-21,0.45652173913043476
2020-09-22,0.45652173913043476
2020-09-23,0.45652173913043476
2020-09-24,0.45652173913043476
2020-09-25,0.5
2020-09-26,0.43478260869565216
2020-09-27,0.43478260869565216
2020-09-28,0.43478260869565216
2020-09-29,0.43478260869565216
2020-09-30,0.3829787234042553
2020-10-01,0.40425531914893614
2020-10-02,0.40425531914893614
2020-10-03,0.425531914893617
2020-10-04,0.48936170212765956
2020-10-05,0.48936170212765956
2020-10-06,0.5106382978723404
2020-10-07,0.48936170212765956
2020-10-08,0.5531914893617021
2020-10-09,0.574468085106383
2020-10-10,0.5531914893617021
2020-10-11,0.5531914893617021
2020-10-12,0.5319148936170213
2020-10-13,0.48936170212765956
2020-10-14,0.5106382978723404
2020-10-15,0.5531914893617021
2020-10-16,0.5319148936170213
2020-10-17,0.5531914893617021
2020-10-18,0.5531914893617021
2020-10-19,0.5319148936170213
2020-10-20,0.5531914893617021
2020-10-21,0.5319148936170213
2020-10-22,0.574468085106383
2020-10-23,0.5531914893617021
2020-10-24,0.5957446808510638
2020-10-25,0.5957446808510638
2020-10-26,0.5957446808510638
2020-10-27,0.5957446808510638
2020-10-28,0.6808510638297872
2020-10-29,0.6595744680851063
2020-10-30,0.6595744680851063
2020-10-31,0.6595744680851063
2020-11-01,0.6808510638297872
2020-11-02,0.7021276595744681
2020-11-03,0.7021276595744681
2020-11-04,0.723404255319149
2020-11-05,0.7291666666666666
2020-11-06,0.7083333333333334
2020-11-07,0.6875
2020-11-08,0.6875
2020-11-09,0.6666666666666666
2020-11-10,0.6458333333333334
2020-11-11,0.625
2020-11-12,0.625
2020-11-13,0.6458333333333334
2020-11-14,0.6041666666666666
2020-11-15,0.5833333333333334
2020-11-16,0.6041666666666666
2020-11-17,0.6041666666666666
2020-11-18,0.6041666666666666
2020-11-19,0.6041666666666666
2020-11-20,0.6041666666666666
2020-11-21,0.5625
2020-11-22,0.5833333333333334
2020-11-23,0.5625
2020-11-24,0.5416666666666666
2020-11-25,0.5416666666666666
2020-11-26,0.625
2020-11-27,0.5208333333333334
2020-11-28,0.5208333333333334
2020-11-29,0.5208333333333334
2020-11-30,0.5416666666666666
2020-12-01,0.5833333333333334
2020-12-02,0.6041666666666666
2020-12-03,0.625
2020-12-04,0.625
2020-12-05,0.6041666666666666
2020-12-06,0.625
2020-12-07,0.6666666666666666
2020-12-08,0.6458333333333334
2020-12-09,0.6458333333333334
2020-12-10,0.6458333333333334
2020-12-11,0.6458333333333334
2020-12-12,0.6530612244897959
2020-12-13,0.6938775510204082
2020-12-14,0.6938775510204082
2020-12-15,0.6938775510204082
2020-12-16,0.6938775510204082
2020-12-17,0.7142857142857143
2020-12-18,0.673469387755102
2020-12-19,0.6938775510204082
2020-12-20,0.7142857142857143
2020-12-21,0.6938775510204082
2020-12-22,0.7142857142857143
2020-12-23,0.7346938775510204
2020-12-24,0.7346938775510204
2020-12-25,0.74
2020-12-26,0.74
2020-12-27,0.74
2020-12-28,0.72
2020-12-29,0.74
2020-12-30,0.74
2020-12-31,0.72
2021-01-01,0.74
2021-01-02,0.72
2021-01-03,0.76
2021-01-04,0.76
2021-01-05,0.78
2021-01-06,0.76
2021-01-07,0.72
2021-01-08,0.74
2021-01-09,0.74
2021-01-10,0.74
2021-01-11,0.7
2021-01-12,0.72
2021-01-13,0.7
2021-01-14,0.7
2021-01-15,0.7
2021-01-16,0.72
2021-01-17,0.76
2021-01-18,0.76
2021-01-19,0.76
2021-01-20,0.78
2021-01-21,0.76
2021-01-22,0.78
2021-01-23,0.78
2021-01-24,0.7843137254901961
2021-01-25,0.7843137254901961
2021-01-26,0.7843137254901961
2021-01-27,0.7843137254901961
2021-01-28,0.7647058823529411
2021-01-29,0.7450980392156863
2021-01-30,0.7254901960784313
2021-01-31,0.7058823529411765
2021-02-01,0.6862745098039216
2021-02-02,0.7058823529411765
2021-02-03,0.6470588235294118
2021-02-04,0.6470588235294118
2021-02-05,0.6666666666666666
2021-02-06,0.6666666666666666
2021-02-07,0.5882352941176471
2021-02-08,0.5490196078431373
2021-02-09,0.5490196078431373
2021-02-10,0.5098039215686274
2021-02-11,0.5098039215686274
2021-02-12,0.47058823529411764
2021-02-13,0.47058823529411764
2021-02-14,0.43137254901960786
2021-02-15,0.43137254901960786
2021-02-16,0.45098039215686275
2021-02-17,0.49019607843137253
2021-02-18,0.47058823529411764
2021-02-19,0.43137254901960786
2021-02-20,0.43137254901960786
2021-02-21,0.43137254901960786
2021-02-22,0.4117647058823529
2021-02-23,0.43137254901960786
2021-02-24,0.5294117647058824
2021-02-25,0.5490196078431373
2021-02-26,0.5294117647058824
2021-02-27,0.5686274509803921
2021-02-28,0.5686274509803921
2021-03-01,0.5490196078431373
2021-03-02,0.5490196078431373
2021-03-03,0.5576923076923077
2021-03-04,0.5384615384615384
2021-03-05,0.4423076923076923
2021-03-06,0.38461538461538464
2021-03-07,0.38461538461538464
2021-03-08,0.40384615384615385
2021-03-09,0.33962264150943394
2021-03-10,0.33962264150943394
2021-03-11,0.2830188679245283
2021-03-12,0.24528301886792453
2021-03-13,0.24528301886792453
2021-03-14,0.22641509433962265
2021-03-15,0.24528301886792453
2021-03-16,0.24528301886792453
2021-03-17,0.2222222222222222
2021-03-18,0.2037037037037037
2021-03-19,0.18518518518518517
2021-03-20,0.14814814814814814
2021-03-21,0.12962962962962962
2021-03-22,0.1111111111111111
2021-03-23,0.09259259259259259
2021-03-24,0.05555555555555555
2021-03-25,0.018518518518518517
2021-03-26,-0.07407407407407407
2021-03-27,-0.1111111111111111
2021-03-28,-0.14814814814814814
2021-03-29,-0.14814814814814814
2021-03-30,-0.24074074074074073
2021-03-31,-0.25925925925925924
2021-04-01,-0.2777777777777778
2021-04-02,-0.3148148148148148
2021-04-03,-0.32727272727272727
2021-04-04,-0.3090909090909091
2021-04-05,-0.3090909090909091
2021-04-06,-0.32142857142857145
2021-04-07,-0.375
2021-04-08,-0.3392857142857143
2021-04-09,-0.44642857142857145
2021-04-10,-0.5
2021-04-11,-0.5
2021-04-12,-0.5
2021-04-13,-0.5178571428571429
2021-04-14,-0.5
2021-04-15,-0.5535714285714286
2021-04-16,-0.543859649122807
2021-04-17,-0.5087719298245614
2021-04-18,-0.5087719298245614
2021-04-19,-0.47368421052631576
2021-04-20,-0.5263157894736842
2021-04-21,-0.5263157894736842
2021-04-22,-0.49122807017543857
2021-04-23,-0.5263157894736842
2021-04-24,-0.5263157894736842
2021-04-25,-0.5263157894736842
2021-04-26,-0.5344827586206896
2021-04-27,-0.5172413793103449
2021-04-28,-0.5517241379310345
2021-04-29,-0.5689655172413793
2021-04-30,-0.5862068965517241
2021-05-01,-0.5862068965517241
2021-05-02,-0.603448275862069
2021-05-03,-0.5689655172413793
2021-05-04,-0.5517241379310345
2021-05-05,-0.5689655172413793
2021-05-06,-0.5689655172413793
2021-05-07,-0.5862068965517241
2021-05-08,-0.5862068965517241
2021-05-09,-0.576271186440678
2021-05-10,-0.5932203389830508
2021-05-11,-0.5932203389830508
2021-05-12,-0.5932203389830508
2021-05-13,-0.5932203389830508
2021-05-14,-0.5932203389830508
2021-05-15,-0.5932203389830508
2021-05-16,-0.5932203389830508
2021-05-17,-0.5932203389830508
2021-05-18,-0.6166666666666667
2021-05-19,-0.5833333333333334
2021-05-20,-0.4262295081967213
2021-05-21,-0.4262295081967213
2021-05-22,-0.3770491803278688
2021-05-23,-0.3442622950819672
2021-05-24,-0.3442622950819672
2021-05-25,-0.32786885245901637
2021-05-26,-0.32786885245901637
2021-05-27,-0.3225806451612903
2021-05-28,-0.3387096774193548
2021-05-29,-0.3548387096774194
2021-05-30,-0.3548387096774194
2021-05-31,-0.3548387096774194
2021-06-01,-0.3709677419354839
2021-06-02,-0.42857142857142855
2021-06-03,-0.4375
2021-06-04,-0.390625
2021-06-05,-0.375
2021-06-06,-0.36923076923076925
2021-06-07,-0.3230769230769231
2021-06-08,-0.3384615384615385
2021-06-09,-0.3230769230769231
2021-06-10,-0.3384615384615385
2021-06-11,-0.36923076923076925
2021-06-12,-0.35384615384615387
2021-06-13,-0.35384615384615387
2021-06-14,-0.3230769230769231
2021-06-15,-0.3076923076923077
2021-06-16,-0.27692307692307694
2021-06-17,-0.24615384615384617
2021-06-18,-0.24615384615384617
2021-06-19,-0.13846153846153847
2021-06-20,-0.13846153846153847
2021-06-21,-0.07692307692307693
2021-06-22,-0.03076923076923077
2021-06-23,-0.03076923076923077
2021-06-24,-0.015384615384615385
2021-06-25,0.015384615384615385
2021-06-26,0.0
2021-06-27,0.03076923076923077
2021-06-28,0.015384615384615385
2021-06-29,-0.015384615384615385
2021-06-30,-0.046153846153846156
2021-07-01,-0.015384615384615385
2021-07-02,0.015384615384615385
2021-07-03,0.07692307692307693
2021-07-04,0.07692307692307693
2021-07-05,0.12307692307692308
2021-07-06,0.12121212121212122
2021-07-07,0.15151515151515152
2021-07-08,0.18181818181818182
2021-07-09,0.19696969696969696
2021-07-10,0.21212121212121213
2021-07-11,0.21212121212121213
2021-07-12,0.21212121212121213
2021-07-13,0.24242424242424243
2021-07-14,0.2878787878787879
2021-07-15,0.3484848484848485
2021-07-16,0.3939393939393939
2021-07-17,0.36363636363636365
2021-07-18,0.417910447761194
2021-07-19,0.43283582089552236
2021-07-20,0.417910447761194
2021-07-21,0.44776119402985076
2021-07-22,0.44776119402985076
2021-07-23,0.4626865671641791
2021-07-24,0.47761194029850745
2021-07-25,0.463768115942029
2021-07-26,0.4492753623188406
2021-07-27,0.4782608695652174
2021-07-28,0.4492753623188406
2021-07-29,0.4057971014492754
2021-07-30,0.3188405797101449
2021-07-31,0.34782608695652173
2021-08-01,0.42028985507246375
2021-08-02,0.42028985507246375
2021-08-03,0.4142857142857143
2021-08-04,0.34285714285714286
2021-08-05,0.2714285714285714
2021-08-06,0.2571428571428571
2021-08-07,0.22857142857142856
2021-08-08,0.17142857142857143
2021-08-09,0.18571428571428572
2021-08-10,0.18571428571428572
2021-08-11,0.15492957746478872
2021-08-12,0.14084507042253522
2021-08-13,0.15492957746478872
2021-08-14,0.08333333333333333
2021-08-15,0.09722222222222222
2021-08-16,0.09722222222222222
2021-08-17,0.09722222222222222
2021-08-18,0.09722222222222222
2021-08-19,0.1095890410958904
2021-08-20,0.0547945205479452
2021-08-21,0.0410958904109589
2021-08-22,0.0273972602739726
2021-08-23,0.0
2021-08-24,-0.0547945205479452
2021-08-25,-0.08108108108108109
2021-08-26,-0.06756756756756757
2021-08-27,-0.10810810810810811
2021-08-28,-0.13513513513513514
2021-08-29,-0.14473684210526316
2021-08-30,-0.14473684210526316
2021-08-31,-0.18421052631578946
2021-09-01,-0.21052631578947367
2021-09-02,-0.25
2021-09-03,-0.23684210526315788
2021-09-04,-0.2857142857142857
2021-09-05,-0.2727272727272727
2021-09-06,-0.3116883116883117
2021-09-07,-0.2987012987012987
2021-09-08,-0.2987012987012987
2021-09-09,-0.2987012987012987
2021-09-10,-0.3246753246753247
2021-09-11,-0.35064935064935066
2021-09-12,-0.3333333333333333
2021-09-13,-0.31645569620253167
2021-09-14,-0.31645569620253167
2021-09-15,-0.3037974683544304
2021-09-16,-0.35443037974683544
2021-09-17,-0.34177215189873417
2021-09-18,-0.35
2021-09-19,-0.325
2021-09-20,-0.35
2021-09-21,-0.275
2021-09-22,-0.3125
2021-09-23,-0.3
2021-09-24,-0.2875
2021-09-25,-0.2625
2021-09-26,-0.2375
2021-09-27,-0.25
2021-09-28,-0.25
2021-09-29,-0.25
2021-09-30,-0.2625
2021-10-01,-0.2625
2021-10-02,-0.325
2021-10-03,-0.3375
2021-10-04,-0.35
2021-10-05,-0.375
2021-10-06,-0.375
2021-10-07,-0.345679012345679
2021-10-08,-0.3333333333333333
2021-10-09,-0.345679012345679
2021-10-10,-0.2962962962962963
2021-10-11,-0.3333333333333333
2021-10-12,-0.345679012345679
2021-10-13,-0.37349397590361444
2021-10-14,-0.39759036144578314
2021-10-15,-0.34523809523809523
2021-10-16,-0.36904761904761907
2021-10-17,-0.36904761904761907
2021-10-18,-0.36904761904761907
2021-10-19,-0.38095238095238093
2021-10-20,-0.36904761904761907
2021-10-21,-0.38095238095238093
2021-10-22,-0.38095238095238093
2021-10-23,-0.4166666666666667
2021-10-24,-0.4166666666666667
2021-10-25,-0.42857142857142855
2021-10-26,-0.44047619047619047
2021-10-27,-0.44047619047619047
2021-10-28,-0.47619047619047616
2021-10-29,-0.4642857142857143
2021-10-30,-0.4880952380952381
2021-10-31,-0.5119047619047619
2021-11-01,-0.5238095238095238
2021-11-02,-0.5476190476190477
2021-11-03,-0.5476190476190477
2021-11-04,-0.5476190476190477
2021-11-05,-0.5595238095238095
2021-11-06,-0.5714285714285714
2021-11-07,-0.5714285714285714
2021-11-08,-0.6190476190476191
2021-11-09,-0.6309523809523809
2021-11-10,-0.6470588235294118
2021-11-11,-0.6588235294117647
2021-11-12,-0.6705882352941176
2021-11-13,-0.6976744186046512
2021-11-14,-0.735632183908046
2021-11-15,-0.7701149425287356
2021-11-16,-0.7613636363636364
2021-11-17,-0.7727272727272727
2021-11-18,-0.7613636363636364
2021-11-19,-0.7613636363636364
2021-11-20,-0.7840909090909091
2021-11-21,-0.7840909090909091
2021-11-22,-0.8068181818181818
2021-11-23,-0.8068181818181818
2021-11-24,-0.7727272727272727
2021-11-25,-0.7840909090909091
2021-11-26,-0.7840909090909091
2021-11-27,-0.8181818181818182
2021-11-28,-0.8295454545454546
2021-11-29,-0.8522727272727273
2021-11-30,-0.8409090909090909
2021-12-01,-0.8522727272727273
2021-12-02,-0.875
2021-12-03,-0.8863636363636364
2021-12-04,-0.8863636363636364
2021-12-05,-0.8539325842696629
2021-12-06,-0.8202247191011236
2021-12-07,-0.8089887640449438
2021-12-08,-0.797752808988764
2021-12-09,-0.8089887640449438
2021-12-10,-0.7752808988764045
2021-12-11,-0.7752808988764045
2021-12-12,-0.7640449438202247
2021-12-13,-0.7415730337078652
2021-12-14,-0.7303370786516854
2021-12-15,-0.7303370786516854
2021-12-16,-0.7191011235955056
2021-12-17,-0.7303370786516854
2021-12-18,-0.7415730337078652
2021-12-19,-0.7303370786516854
2021-12-20,-0.7444444444444445
2021-12-21,-0.7555555555555555
2021-12-22,-0.7555555555555555
2021-12-23,-0.7666666666666667
2021-12-24,-0.7777777777777778
2021-12-25,-0.7888888888888889
2021-12-26,-0.8111111111111111
2021-12-27,-0.8222222222222222
2021-12-28,-0.8333333333333334
2021-12-29,-0.8222222222222222
2021-12-30,-0.8
2021-12-31,-0.7888888888888889
2022-01-01,-0.7777777777777778
2022-01-02,-0.7912087912087912
2022-01-03,-0.8021978021978022
2022-01-04,-0.7934782608695652
2022-01-05,-0.7934782608695652
2022-01-06,-0.7634408602150538
2022-01-07,-0.7311827956989247
2022-01-08,-0.7204301075268817
2022-01-09,-0.6989247311827957
2022-01-10,-0.7096774193548387
2022-01-11,-0.7311827956989247
2022-01-12,-0.7419354838709677
2022-01-13,-0.7526881720430108
2022-01-14,-0.7526881720430108
2022-01-15,-0.7526881720430108
2022-01-16,-0.7741935483870968
2022-01-17,-0.7553191489361702
2022-01-18,-0.7446808510638298
2022-01-19,-0.6842105263157895
2022-01-20,-0.6631578947368421
2022-01-21,-0.6631578947368421
2022-01-22,-0.6210526315789474
2022-01-23,-0.5789473684210527
2022-01-24,-0.5684210526315789
2022-01-25,-0.5578947368421052
2022-01-26,-0.5684210526315789
2022-01-27,-0.5684210526315789
2022-01-28,-0.5729166666666666
2022-01-29,-0.5729166666666666
2022-01-30,-0.5729166666666666
2022-01-31,-0.5979381443298969
2022-02-01,-0.5979381443298969
2022-02-02,-0.6082474226804123
2022-02-03,-0.6185567010309279
2022-02-04,-0.6185567010309279
2022-02-05,-0.6288659793814433
2022-02-06,-0.6391752577319587
2022-02-07,-0.6597938144329897
2022-02-08,-0.6391752577319587
2022-02-09,-0.6494845360824743
2022-02-10,-0.6428571428571429
2022-02-11,-0.6428571428571429
2022-02-12,-0.6363636363636364
2022-02-13,-0.6363636363636364
2022-02-14,-0.6363636363636364
2022-02-15,-0.6161616161616161
2022-02-16,-0.6060606060606061
2022-02-17,-0.5858585858585859
2022-02-18,-0.5656565656565656
2022-02-19,-0.5151515151515151
2022-02-20,-0.48484848484848486
2022-02-21,-0.5151515151515151
2022-02-22,-0.5151515151515151
2022-02-23,-0.5050505050505051
2022-02-24,-0.46
2022-02-25,-0.47
2022-02-26,-0.46
2022-02-27,-0.45
2022-02-28,-0.46
2022-03-01,-0.44
2022-03-02,-0.44554455445544555
2022-03-03,-0.5148514851485149
2022-03-04,-0.5247524752475248
2022-03-05,-0.5
2022-03-06,-0.49019607843137253
2022-03-07,-0.44660194174757284
2022-03-08,-0.44660194174757284
2022-03-09,-0.46601941747572817
2022-03-10,-0.47572815533980584
2022-03-11,-0.47572815533980584
2022-03-12,-0.4854368932038835
2022-03-13,-0.47572815533980584
2022-03-14,-0.4807692307692308
2022-03-15,-0.5192307692307693
2022-03-16,-0.5192307692307693
2022-03-17,-0.5288461538461539
2022-03-18,-0.5673076923076923
2022-03-19,-0.6346153846153846
2022-03-20,-0.6538461538461539
2022-03-21,-0.6826923076923077
2022-03-22,-0.7142857142857143
2022-03-23,-0.6761904761904762
2022-03-24,-0.7142857142857143
2022-03-25,-0.7142857142857143
2022-03-26,-0.7428571428571429
2022-03-27,-0.7619047619047619
2022-03-28,-0.7547169811320755
2022-03-29,-0.7757009345794392
2022-03-30,-0.7757009345794392
2022-03-31,-0.7757009345794392
2022-04-01,-0.794392523364486
2022-04-02,-0.8037383177570093
2022-04-03,-0.8037383177570093
2022-04-04,-0.7850467289719626
2022-04-05,-0.7870370370370371
2022-04-06,-0.7870370370370371
2022-04-07,-0.8148148148148148
2022-04-08,-0.8425925925925926
2022-04-09,-0.8148148148148148
2022-04-10,-0.7962962962962963
2022-04-11,-0.7870370370370371
2022-04-12,-0.8055555555555556
2022-04-13,-0.7981651376146789
2022-04-14,-0.8073394495412844
2022-04-15,-0.8348623853211009
2022-04-16,-0.8348623853211009
2022-04-17,-0.8256880733944955
2022-04-18,-0.8256880733944955
2022-04-19,-0.8256880733944955
2022-04-20,-0.8440366972477065
2022-04-21,-0.8454545454545455
2022-04-22,-0.8454545454545455
2022-04-23,-0.8454545454545455
2022-04-24,-0.8558558558558559
2022-04-25,-0.8468468468468469
2022-04-26,-0.8378378378378378
2022-04-27,-0.8378378378378378
2022-04-28,-0.8214285714285714
2022-04-29,-0.8230088495575221
2022-04-30,-0.8157894736842105
2022-05-01,-0.8157894736842105
2022-05-02,-0.7982456140350878
2022-05-03,-0.7913043478260869
2022-05-04,-0.8
2022-05-05,-0.8017241379310345
2022-05-06,-0.8017241379310345
2022-05-07,-0.7948717948717948
2022-05-08,-0.7966101694915254
2022-05-09,-0.7796610169491526
2022-05-10,-0.6949152542372882
2022-05-11,-0.6949152542372882
2022-05-12,-0.6016949152542372
2022-05-13,-0.559322033898305
2022-05-14,-0.5630252100840336
2022-05-15,-0.5416666666666666
2022-05-16,-0.5
2022-05-17,-0.5083333333333333
2022-05-18,-0.5
2022-05-19,-0.48333333333333334
2022-05-20,-0.475
2022-05-21,-0.4583333333333333
2022-05-22,-0.4462809917355372
2022-05-23,-0.4297520661157025
2022-05-24,-0.4793388429752066
2022-05-25,-0.45454545454545453
2022-05-26,-0.4380165289256198
2022-05-27,-0.4214876033057851
2022-05-28,-0.4132231404958678
2022-05-29,-0.38016528925619836
2022-05-30,-0.38016528925619836
2022-05-31,-0.4214876033057851
2022-06-01,-0.4214876033057851
2022-06-02,-0.4297520661157025
2022-06-03,-0.4214876033057851
2022-06-04,-0.4214876033057851
2022-06-05,-0.4214876033057851
2022-06-06,-0.4132231404958678
2022-06-07,-0.39669421487603307
2022-06-08,-0.36363636363636365
2022-06-09,-0.34710743801652894
2022-06-10,-0.2975206611570248
2022-06-11,-0.2809917355371901
2022-06-12,-0.2231404958677686
2022-06-13,-0.2066115702479339
2022-06-14,-0.0743801652892562
2022-06-15,-0.09917355371900827
2022-06-16,-0.0743801652892562
2022-06-17,-0.08264462809917356
2022-06-18,-0.0743801652892562
2022-06-19,-0.04132231404958678
2022-06-20,-0.049586776859504134
2022-06-21,-0.03278688524590164
2022-06-22,-0.03278688524590164
2022-06-23,-0.04918032786885246
2022-06-24,-0.07377049180327869
2022-06-25,-0.06557377049180328
2022-06-26,-0.04065040650406504
2022-06-27,-0.04065040650406504
2022-06-28,-0.016260162601626018
2022-06-29,-0.008130081300813009
2022-06-30,-0.016260162601626018
2022-07-01,-0.024193548387096774
2022-07-02,-0.024193548387096774
2022-07-03,-0.016129032258064516
2022-07-04,-0.04838709677419355
2022-07-05,-0.024193548387096774
2022-07-06,-0.008064516129032258
2022-07-07,0.0
2022-07-08,0.0
2022-07-09,-0.015873015873015872
2022-07-10,0.0
2022-07-11,0.007936507936507936
2022-07-12,0.023622047244094488
2022-07-13,0.015748031496062992
2022-07-14,0.023622047244094488
2022-07-15,-0.0078125
2022-07-16,0.0
2022-07-17,0.015625
2022-07-18,0.015625
2022-07-19,-0.0234375
2022-07-20,-0.0625
2022-07-21,-0.0703125
2022-07-22,-0.109375
2022-07-23,-0.140625
2022-07-24,-0.13178294573643412
2022-07-25,-0.14728682170542637
2022-07-26,-0.17054263565891473
2022-07-27,-0.13953488372093023
2022-07-28,-0.15503875968992248
2022-07-29,-0.14728682170542637
2022-07-30,-0.13953488372093023
2022-07-31,-0.16793893129770993
2022-08-01,-0.1984732824427481
2022-08-02,-0.2366412213740458
2022-08-03,-0.22900763358778625
2022-08-04,-0.2366412213740458
2022-08-05,-0.2595419847328244
2022-08-06,-0.2803030303030303
2022-08-07,-0.3106060606060606
2022-08-08,-0.2878787878787879
2022-08-09,-0.29545454545454547
2022-08-10,-0.30303030303030304
2022-08-11,-0.30303030303030304
2022-08-12,-0.3233082706766917
2022-08-13,-0.3233082706766917
2022-08-14,-0.3383458646616541
2022-08-15,-0.3684210526315789
2022-08-16,-0.39097744360902253
2022-08-17,-0.3684210526315789
2022-08-18,-0.3383458646616541
2022-08-19,-0.3082706766917293
2022-08-20,-0.2781954887218045
2022-08-21,-0.24060150375939848
2022-08-22,-0.22556390977443608
2022-08-23,-0.21052631578947367
2022-08-24,-0.1865671641791045
2022-08-25,-0.1791044776119403
2022-08-26,-0.17164179104477612
2022-08-27,-0.1791044776119403
2022-08-28,-0.15671641791044777
2022-08-29,-0.1791044776119403
2022-08-30,-0.15671641791044777
2022-08-31,-0.12686567164179105
2022-09-01,-0.13432835820895522
2022-09-02,-0.15671641791044777
2022-09-03,-0.1417910447761194
2022-09-04,-0.14074074074074075
2022-09-05,-0.15441176470588236
2022-09-06,-0.15441176470588236
2022-09-07,-0.15441176470588236
2022-09-08,-0.1323529411764706
2022-09-09,-0.13970588235294118
2022-09-10,-0.15441176470588236
2022-09-11,-0.18382352941176472
2022-09-12,-0.18248175182481752
2022-09-13,-0.1678832116788321
2022-09-14,-0.17518248175182483
2022-09-15,-0.15217391304347827
2022-09-16,-0.15217391304347827
2022-09-17,-0.15827338129496402
2022-09-18,-0.14388489208633093
2022-09-19,-0.1366906474820144
2022-09-20,-0.15827338129496402
2022-09-21,-0.14388489208633093
2022-09-22,-0.1366906474820144
2022-09-23,-0.1223021582733813
2022-09-24,-0.1079136690647482
2022-09-25,-0.10071942446043165
2022-09-26,-0.08633093525179857
2022-09-27,-0.07857142857142857
2022-09-28,-0.0851063829787234
2022-09-29,-0.09219858156028368
2022-09-30,-0.09859154929577464
2022-10-01,-0.08450704225352113
2022-10-02,-0.09154929577464789
2022-10-03,-0.11971830985915492
2022-10-04,-0.14788732394366197
2022-10-05,-0.1267605633802817
2022-10-06,-0.125
2022-10-07,-0.1527777777777778
2022-10-08,-0.16666666666666666
2022-10-09,-0.1527777777777778
2022-10-10,-0.13194444444444445
2022-10-11,-0.11805555555555555
2022-10-12,-0.125
2022-10-13,-0.11805555555555555
2022-10-14,-0.125
2022-10-15,-0.11805555555555555
2022-10-16,-0.1388888888888889
2022-10-17,-0.1388888888888889
2022-10-18,-0.14583333333333334
2022-10-19,-0.125
2022-10-20,-0.1527777777777778
2022-10-21,-0.18055555555555555
2022-10-22,-0.18620689655172415
2022-10-23,-0.1793103448275862
2022-10-24,-0.15862068965517243
2022-10-25,-0.14482758620689656
2022-10-26,-0.11724137931034483
2022-10-27,-0.13793103448275862
2022-10-28,-0.13793103448275862
2022-10-29,-0.15172413793103448
2022-10-30,-0.15862068965517243
2022-10-31,-0.16551724137931034
2022-11-01,-0.15862068965517243
2022-11-02,-0.18493150684931506
2022-11-03,-0.1917808219178082
2022-11-04,-0.21232876712328766
2022-11-05,-0.24489795918367346
2022-11-06,-0.23809523809523808
2022-11-07,-0.21621621621621623
2022-11-08,-0.17567567567567569
2022-11-09,-0.12080536912751678
2022-11-10,-0.039735099337748346
2022-11-11,-0.013245033112582781
2022-11-12,0.006622516556291391
2022-11-13,0.03289473684210526
2022-11-14,0.06535947712418301
2022-11-15,0.08496732026143791
2022-11-16,0.08496732026143791
2022-11-17,0.0915032679738562
2022-11-18,0.09803921568627451
2022-11-19,0.10457516339869281
2022-11-20,0.09803921568627451
2022-11-21,0.11764705882352941
2022-11-22,0.13071895424836602
2022-11-23,0.11764705882352941
2022-11-24,0.10967741935483871
2022-11-25,0.14102564102564102
2022-11-26,0.14743589743589744
2022-11-27,0.16025641025641027
2022-11-28,0.14743589743589744
2022-11-29,0.14102564102564102
2022-11-30,0.12101910828025478
2022-12-01,0.12738853503184713
2022-12-02,0.12101910828025478
2022-12-03,0.14012738853503184
2022-12-04,0.10828025477707007
2022-12-05,0.11464968152866242
2022-12-06,0.15286624203821655
2022-12-07,0.16560509554140126
2022-12-08,0.1592356687898089
2022-12-09,0.18471337579617833
2022-12-10,0.19745222929936307
2022-12-11,0.18471337579617833
2022-12-12,0.17834394904458598
2022-12-13,0.18471337579617833
2022-12-14,0.20382165605095542
2022-12-15,0.21656050955414013
2022-12-16,0.2484076433121019
2022-12-17,0.28662420382165604
2022-12-18,0.3057324840764331
2022-12-19,0.3184713375796178
2022-12-20,0.34394904458598724
2022-12-21,0.34394904458598724
2022-12-22,0.35443037974683544
2022-12-23,0.3333333333333333
2022-12-24,0.34591194968553457
2022-12-25,0.3522012578616352
2022-12-26,0.3584905660377358
2022-12-27,0.3836477987421384
2022-12-28,0.39622641509433965
2022-12-29,0.4088050314465409
2022-12-30,0.4276729559748428
2022-12-31,0.4625
2023-01-01,0.4716981132075472
2023-01-02,0.45625
2023-01-03,0.45625
2023-01-04,0.46875
2023-01-05,0.45
2023-01-06,0.475
2023-01-07,0.48125
2023-01-08,0.4875
2023-01-09,0.48125
2023-01-10,0.48125
2023-01-11,0.46875
2023-01-12,0.453416149068323
2023-01-13,0.4472049689440994
2023-01-14,0.4472049689440994
2023-01-15,0.40372670807453415
2023-01-16,0.39751552795031053
2023-01-17,0.37888198757763975
2023-01-18,0.36024844720496896
2023-01-19,0.3148148148148148
2023-01-20,0.3148148148148148
2023-01-21,0.30864197530864196
2023-01-22,0.29012345679012347
2023-01-23,0.2839506172839506
2023-01-24,0.24691358024691357
2023-01-25,0.25308641975308643
2023-01-26,0.2222222222222222
2023-01-27,0.19135802469135801
2023-01-28,0.14814814814814814
2023-01-29,0.14814814814814814
2023-01-30,0.1419753086419753
2023-01-31,0.14814814814814814
2023-02-01,0.11728395061728394
2023-02-02,0.06790123456790123
2023-02-03,0.06790123456790123
2023-02-04,0.05555555555555555
2023-02-05,0.04938271604938271
2023-02-06,0.018518518518518517
2023-02-07,-0.018518518518518517
2023-02-08,-0.037037037037037035
2023-02-09,-0.018518518518518517
2023-02-10,-0.018404907975460124
2023-02-11,-0.024539877300613498
2023-02-12,-0.018404907975460124
2023-02-13,0.0
2023-02-14,-0.018404907975460124
2023-02-15,-0.024390243902439025
2023-02-16,-0.036585365853658534
2023-02-17,-0.06707317073170732
2023-02-18,-0.07317073170731707
2023-02-19,-0.13414634146341464
2023-02-20,-0.13414634146341464
2023-02-21,-0.14634146341463414
2023-02-22,-0.15853658536585366
2023-02-23,-0.1951219512195122
2023-02-24,-0.1951219512195122
2023-02-25,-0.2073170731707317
2023-02-26,-0.18292682926829268
2023-02-27,-0.17682926829268292
2023-02-28,-0.16463414634146342
2023-03-01,-0.18902439024390244
2023-03-02,-0.18292682926829268
2023-03-03,-0.18902439024390244
2023-03-04,-0.15853658536585366
2023-03-05,-0.10909090909090909
2023-03-06,-0.07878787878787878
2023-03-07,-0.07878787878787878
2023-03-08,-0.04242424242424243
2023-03-09,-0.030303030303030304
2023-03-10,-0.012048192771084338
2023-03-11,-0.012048192771084338
2023-03-12,-0.006024096385542169
2023-03-13,0.0
2023-03-14,-0.012048192771084338
2023-03-15,-0.04216867469879518
2023-03-16,-0.03614457831325301
2023-03-17,-0.05421686746987952
2023-03-18,-0.0783132530120482
2023-03-19,-0.07228915662650602
2023-03-20,-0.11904761904761904
2023-03-21,-0.10650887573964497
2023-03-22,-0.10059171597633136
2023-03-23,-0.09467455621301775
2023-03-24,-0.07100591715976332
2023-03-25,-0.05325443786982249
2023-03-26,-0.023668639053254437
2023-03-27,-0.011764705882352941
2023-03-28,-0.029411764705882353
2023-03-29,-0.029411764705882353
2023-03-30,-0.052941176470588235
2023-03-31,-0.06470588235294118
2023-04-01,-0.058823529411764705
2023-04-02,-0.07647058823529412
2023-04-03,-0.09411764705882353
2023-04-04,-0.08235294117647059
2023-04-05,-0.09411764705882353
2023-04-06,-0.12941176470588237
2023-04-07,-0.14705882352941177
2023-04-08,-0.14705882352941177
2023-04-09,-0.14705882352941177
2023-04-10,-0.1588235294117647
2023-04-11,-0.17647058823529413
2023-04-12,-0.2235294117647059
2023-04-13,-0.23529411764705882
2023-04-14,-0.2529411764705882
2023-04-15,-0.22941176470588234
2023-04-16,-0.25882352941176473
2023-04-17,-0.25882352941176473
2023-04-18,-0.27647058823529413
2023-04-19,-0.2823529411764706
2023-04-20,-0.24705882352941178
2023-04-21,-0.22941176470588234
2023-04-22,-0.21764705882352942
2023-04-23,-0.20588235294117646
2023-04-24,-0.20588235294117646
2023-04-25,-0.19411764705882353
2023-04-26,-0.18823529411764706
2023-04-27,-0.2
2023-04-28,-0.19411764705882353
2023-04-29,-0.2
2023-04-30,-0.19883040935672514
2023-05-01,-0.19298245614035087
2023-05-02,-0.21052631578947367
2023-05-03,-0.19883040935672514
2023-05-04,-0.1871345029239766
2023-05-05,-0.19883040935672514
2023-05-06,-0.1871345029239766
2023-05-07,-0.18128654970760233
2023-05-08,-0.13450292397660818
2023-05-09,-0.10526315789473684
2023-05-10,-0.08187134502923976
2023-05-11,-0.07017543859649122
2023-05-12,-0.06432748538011696
2023-05-13,-0.06432748538011696
2023-05-14,-0.05263157894736842
2023-05-15,-0.05847953216374269
2023-05-16,-0.05847953216374269
2023-05-17,-0.06432748538011696
2023-05-18,-0.04678362573099415
2023-05-19,-0.04093567251461988
2023-05-20,-0.04678362573099415
2023-05-21,-0.03508771929824561
2023-05-22,0.0
2023-05-23,0.005847953216374269
2023-05-24,0.005847953216374269
2023-05-25,-0.011695906432748537
2023-05-26,-0.005847953216374269
2023-05-27,-0.01744186046511628
2023-05-28,-0.011627906976744186
2023-05-29,-0.011627906976744186
2023-05-30,-0.011627906976744186
2023-05-31,0.0
2023-06-01,0.005813953488372093
2023-06-02,-0.011627906976744186
2023-06-03,-0.01744186046511628
2023-06-04,-0.011627906976744186
2023-06-05,-0.01744186046511628
2023-06-06,-0.029069767441860465
2023-06-07,-0.005813953488372093
2023-06-08,0.005813953488372093
2023-06-09,0.0
2023-06-10,0.029069767441860465
2023-06-11,0.08139534883720931
2023-06-12,0.10465116279069768
2023-06-13,0.12790697674418605
2023-06-14,0.13372093023255813
2023-06-15,0.11046511627906977
2023-06-16,0.12790697674418605
2023-06-17,0.13953488372093023
2023-06-18,0.14534883720930233
2023-06-19,0.12790697674418605
2023-06-20,0.11627906976744186
2023-06-21,0.10404624277456648
2023-06-22,0.09826589595375723
2023-06-23,0.11560693641618497
2023-06-24,0.12138728323699421
2023-06-25,0.1329479768786127
2023-06-26,0.1329479768786127
2023-06-27,0.12138728323699421
2023-06-28,0.1329479768786127
2023-06-29,0.10404624277456648
2023-06-30,0.09248554913294797
2023-07-01,0.10404624277456648
2023-07-02,0.09248554913294797
2023-07-03,0.08670520231213873
2023-07-04,0.08670520231213873
2023-07-05,0.08092485549132948
2023-07-06,0.08092485549132948
2023-07-07,0.06936416184971098
2023-07-08,0.06358381502890173
2023-07-09,0.08092485549132948
2023-07-10,0.08670520231213873
2023-07-11,0.09248554913294797
2023-07-12,0.09248554913294797
2023-07-13,0.08092485549132948
2023-07-14,0.08092485549132948
2023-07-15,0.09248554913294797
2023-07-16,0.07514450867052024
2023-07-17,0.08092485549132948
2023-07-18,0.08092485549132948
2023-07-19,0.08092485549132948
2023-07-20,0.10982658959537572
2023-07-21,0.10404624277456648
2023-07-22,0.06936416184971098
2023-07-23,0.06936416184971098
2023-07-24,0.08092485549132948
2023-07-25,0.09826589595375723
2023-07-26,0.12138728323699421
2023-07-27,0.10982658959537572
2023-07-28,0.10982658959537572
2023-07-29,0.12138728323699421
2023-07-30,0.12716763005780346
2023-07-31,0.11560693641618497
2023-08-01,0.12138728323699421
2023-08-02,0.13872832369942195
2023-08-03,0.1329479768786127
2023-08-04,0.13872832369942195
2023-08-05,0.12138728323699421
2023-08-06,0.16184971098265896
2023-08-07,0.15606936416184972
2023-08-08,0.15028901734104047
2023-08-09,0.13872832369942195
2023-08-10,0.12716763005780346
2023-08-11,0.1329479768786127
2023-08-12,0.14450867052023122
2023-08-13,0.12138728323699421
2023-08-14,0.11560693641618497
2023-08-15,0.10404624277456648
2023-08-16,0.1206896551724138
2023-08-17,0.16091954022988506
2023-08-18,0.1839080459770115
2023-08-19,0.19540229885057472
2023-08-20,0.19540229885057472
2023-08-21,0.1781609195402299
2023-08-22,0.19540229885057472
2023-08-23,0.21839080459770116
2023-08-24,0.21714285714285714
2023-08-25,0.21714285714285714
2023-08-26,0.21714285714285714
2023-08-27,0.22285714285714286
2023-08-28,0.22857142857142856
2023-08-29,0.2342857142857143
2023-08-30,0.26285714285714284
2023-08-31,0.3028571428571429
2023-09-01,0.29714285714285715
2023-09-02,0.3028571428571429
2023-09-03,0.3142857142857143
2023-09-04,0.2914285714285714
2023-09-05,0.30857142857142855
2023-09-06,0.3028571428571429
2023-09-07,0.32571428571428573
2023-09-08,0.34285714285714286
2023-09-09,0.3485714285714286
2023-09-10,0.33714285714285713
2023-09-11,0.35428571428571426
2023-09-12,0.37142857142857144
2023-09-13,0.37714285714285717
2023-09-14,0.35428571428571426
2023-09-15,0.37714285714285717
2023-09-16,0.38285714285714284
2023-09-17,0.38285714285714284
2023-09-18,0.3930635838150289
2023-09-19,0.3872832369942196
2023-09-20,0.3930635838150289
2023-09-21,0.4114285714285714
2023-09-22,0.42613636363636365
2023-09-23,0.4375
2023-09-24,0.44886363636363635
2023-09-25,0.44886363636363635
2023-09-26,0.45454545454545453
2023-09-27,0.4602272727272727
2023-09-28,0.4772727272727273
2023-09-29,0.4632768361581921
2023-09-30,0.4745762711864407
2023-10-01,0.4745762711864407
2023-10-02,0.480225988700565
2023-10-03,0.4632768361581921
2023-10-04,0.4745762711864407
2023-10-05,0.4915254237288136
2023-10-06,0.4887640449438202
2023-10-07,0.5139664804469274
2023-10-08,0.49162011173184356
2023-10-09,0.5139664804469274
2023-10-10,0.5083798882681564
2023-10-11,0.553072625698324
2023-10-12,0.5555555555555556
2023-10-13,0.5611111111111111
2023-10-14,0.5666666666666667
2023-10-15,0.580110497237569
2023-10-16,0.5966850828729282
2023-10-17,0.569060773480663
2023-10-18,0.569060773480663
2023-10-19,0.569060773480663
2023-10-20,0.569060773480663
2023-10-21,0.554945054945055
2023-10-22,0.5439560439560439
2023-10-23,0.5384615384615384
2023-10-24,0.521978021978022
2023-10-25,0.521978021978022
2023-10-26,0.5274725274725275
2023-10-27,0.532967032967033
2023-10-28,0.5439560439560439
2023-10-29,0.5683060109289617
2023-10-30,0.5628415300546448
2023-10-31,0.554945054945055
2023-11-01,0.5439560439560439
2023-11-02,0.554945054945055
2023-11-03,0.5604395604395604
2023-11-04,0.5439560439560439
2023-11-05,0.5274725274725275
2023-11-06,0.5027322404371585
2023-11-07,0.4972677595628415
2023-11-08,0.46994535519125685
2023-11-09,0.4371584699453552
2023-11-10,0.4371584699453552
2023-11-11,0.4262295081967213
2023-11-12,0.40437158469945356
2023-11-13,0.41530054644808745
2023-11-14,0.3879781420765027
2023-11-15,0.37158469945355194
2023-11-16,0.3879781420765027
2023-11-17,0.36065573770491804
2023-11-18,0.40437158469945356
2023-11-19,0.3804347826086957
2023-11-20,0.375
2023-11-21,0.3695652173913043
2023-11-22,0.391304347826087
2023-11-23,0.3967391304347826
2023-11-24,0.3804347826086957
2023-11-25,0.3641304347826087
2023-11-26,0.32608695652173914
2023-11-27,0.33695652173913043
2023-11-28,0.33513513513513515
2023-11-29,0.3279569892473118
2023-11-30,0.3172043010752688
2023-12-01,0.3064516129032258
2023-12-02,0.2956989247311828
2023-12-03,0.2956989247311828
2023-12-04,0.2903225806451613
2023-12-05,0.26881720430107525
2023-12-06,0.25806451612903225
2023-12-07,0.26881720430107525
2023-12-08,0.27807486631016043
2023-12-09,0.22994652406417113
2023-12-10,0.24064171122994651
2023-12-11,0.2127659574468085
2023-12-12,0.20105820105820105
2023-12-13,0.22105263157894736
2023-12-14,0.22105263157894736
2023-12-15,0.19895287958115182
2023-12-16,0.19895287958115182
2023-12-17,0.19895287958115182
2023-12-18,0.193717277486911
2023-12-19,0.14583333333333334
2023-12-20,0.15625
2023-12-21,0.12953367875647667
2023-12-22,0.08290155440414508
2023-12-23,0.06735751295336788
2023-12-24,0.06735751295336788
2023-12-25,0.05181347150259067
2023-12-26,0.0051813471502590676
2023-12-27,0.0
2023-12-28,-0.02072538860103627
2023-12-29,-0.03608247422680412
2023-12-30,-0.02577319587628866
2023-12-31,-0.005154639175257732
2024-01-01,-0.020512820512820513
2024-01-02,-0.061224489795918366
2024-01-03,-0.0663265306122449
2024-01-04,-0.06091370558375635
2024-01-05,-0.015228426395939087
2024-01-06,-0.04060913705583756
2024-01-07,-0.025252525252525252
2024-01-08,-0.005050505050505051
2024-01-09,-0.025252525252525252
2024-01-10,-0.03535353535353535
2024-01-11,-0.050505050505050504
2024-01-12,-0.030303030303030304
2024-01-13,-0.030303030303030304
2024-01-14,-0.02512562814070352
2024-01-15,-0.02512562814070352
2024-01-16,-0.020100502512562814
2024-01-17,-0.020100502512562814
2024-01-18,0.010050251256281407
2024-01-19,0.03015075376884422
2024-01-20,0.01507537688442211
2024-01-21,-0.005025125628140704
2024-01-22,0.035175879396984924
2024-01-23,0.06965174129353234
2024-01-24,0.1044776119402985
2024-01-25,0.10945273631840796
2024-01-26,0.0845771144278607
2024-01-27,0.0945273631840796
2024-01-28,0.07425742574257425
2024-01-29,0.0891089108910891
2024-01-30,0.10344827586206896
2024-01-31,0.09359605911330049
2024-02-01,0.08823529411764706
2024-02-02,0.08823529411764706
2024-02-03,0.10784313725490197
2024-02-04,0.12745098039215685
2024-02-05,0.13658536585365855
2024-02-06,0.13170731707317074
2024-02-07,0.10679611650485436
2024-02-08,0.1262135922330097
2024-02-09,0.10679611650485436
2024-02-10,0.11594202898550725
2024-02-11,0.12560386473429952
2024-02-12,0.10144927536231885
2024-02-13,0.07729468599033816
2024-02-14,0.07729468599033816
2024-02-15,0.06763285024154589
2024-02-16,0.06763285024154589
2024-02-17,0.04807692307692308
2024-02-18,0.04265402843601896
2024-02-19,0.04265402843601896
2024-02-20,0.02830188679245283
2024-02-21,0.02358490566037736
2024-02-22,0.0
2024-02-23,-0.014150943396226415
2024-02-24,-0.014150943396226415
2024-02-25,-0.03773584905660377
2024-02-26,-0.07042253521126761
2024-02-27,-0.0892018779342723
2024-02-28,-0.08411214953271028
2024-02-29,-0.08411214953271028
2024-03-01,-0.12558139534883722
2024-03-02,-0.16744186046511628
2024-03-03,-0.17209302325581396
2024-03-04,-0.2037037037037037
2024-03-05,-0.20276497695852536
2024-03-06,-0.21658986175115208
2024-03-07,-0.2798165137614679
2024-03-08,-0.2981651376146789
2024-03-09,-0.3486238532110092
2024-03-10,-0.3761467889908257
2024-03-11,-0.39545454545454545
2024-03-12,-0.4090909090909091
2024-03-13,-0.38636363636363635
2024-03-14,-0.42272727272727273
2024-03-15,-0.41818181818181815
2024-03-16,-0.45
2024-03-17,-0.4727272727272727
2024-03-18,-0.4751131221719457
2024-03-19,-0.481981981981982
2024-03-20,-0.4977578475336323
2024-03-21,-0.5022421524663677
2024-03-22,-0.5067264573991032
2024-03-23,-0.5112107623318386
2024-03-24,-0.5446428571428571
2024-03-25,-0.5491071428571429
2024-03-26,-0.5758928571428571
2024-03-27,-0.5714285714285714
2024-03-28,-0.59375
2024-03-29,-0.6088888888888889
2024-03-30,-0.5911111111111111
2024-03-31,-0.5955555555555555
2024-04-01,-0.6044444444444445
2024-04-02,-0.5955555555555555
2024-04-03,-0.6088888888888889
2024-04-04,-0.6266666666666667
2024-04-05,-0.6311111111111111
2024-04-06,-0.64
2024-04-07,-0.6327433628318584
2024-04-08,-0.6283185840707964
2024-04-09,-0.6504424778761062
2024-04-10,-0.6504424778761062
2024-04-11,-0.6359649122807017
2024-04-12,-0.6271929824561403
2024-04-13,-0.5614035087719298
2024-04-14,-0.5065502183406113
2024-04-15,-0.4759825327510917
2024-04-16,-0.47161572052401746
2024-04-17,-0.4672489082969432
2024-04-18,-0.462882096069869
2024-04-19,-0.4585152838427948
2024-04-20,-0.4652173913043478
2024-04-21,-0.4782608695652174
2024-04-22,-0.4826086956521739
2024-04-23,-0.47186147186147187
2024-04-24,-0.45021645021645024
2024-04-25,-0.4199134199134199
2024-04-26,-0.4155844155844156
2024-04-27,-0.41125541125541126
2024-04-28,-0.4069264069264069
2024-04-29,-0.37662337662337664
2024-04-30,-0.375
2024-05-01,-0.3648068669527897
2024-05-02,-0.37339055793991416
2024-05-03,-0.3717948717948718
2024-05-04,-0.3803418803418803
2024-05-05,-0.3803418803418803
2024-05-06,-0.3888888888888889
2024-05-07,-0.39148936170212767
2024-05-08,-0.3872340425531915
2024-05-09,-0.3872340425531915
2024-05-10,-0.3829787234042553
2024-05-11,-0.39148936170212767
2024-05-12,-0.40425531914893614
2024-05-13,-0.39148936170212767
2024-05-14,-0.3872340425531915
2024-05-15,-0.3702127659574468
2024-05-16,-0.3771186440677966
2024-05-17,-0.3898305084745763
2024-05-18,-0.4110169491525424
2024-05-19,-0.4388185654008439
2024-05-20,-0.4117647058823529
2024-05-21,-0.42857142857142855
2024-05-22,-0.4579831932773109
2024-05-23,-0.4435146443514644
2024-05-24,-0.4476987447698745
2024-05-25,-0.502092050209205
2024-05-26,-0.48535564853556484
2024-05-27,-0.4811715481171548
2024-05-28,-0.4895397489539749
2024-05-29,-0.5062761506276151
2024-05-30,-0.5146443514644351
2024-05-31,-0.5103734439834025
2024-06-01,-0.5102880658436214
2024-06-02,-0.5245901639344263
2024-06-03,-0.516260162601626
2024-06-04,-0.540650406504065
2024-06-05,-0.5487804878048781
2024-06-06,-0.532520325203252
2024-06-07,-0.5365853658536586
2024-06-08,-0.516260162601626
2024-06-09,-0.5040650406504065
2024-06-10,-0.516260162601626
2024-06-11,-0.4939271255060729
2024-06-12,-0.4838709677419355
2024-06-13,-0.4717741935483871
2024-06-14,-0.45564516129032256
2024-06-15,-0.42338709677419356
2024-06-16,-0.4032258064516129
2024-06-17,-0.39919354838709675
2024-06-18,-0.3790322580645161
2024-06-19,-0.3493975903614458
2024-06-20,-0.3253012048192771
2024-06-21,-0.3107569721115538
2024-06-22,-0.3107569721115538
2024-06-23,-0.3055555555555556
2024-06-24,-0.2896825396825397
2024-06-25,-0.2952755905511811
2024-06-26,-0.2992125984251969
2024-06-27,-0.3058823529411765
2024-06-28,-0.2901960784313726
2024-06-29,-0.2901960784313726
2024-06-30,-0.28125
2024-07-01,-0.28125
2024-07-02,-0.2801556420233463
2024-07-03,-0.28294573643410853
2024-07-04,-0.26640926640926643
2024-07-05,-0.22393822393822393
2024-07-06,-0.21235521235521235
2024-07-07,-0.20463320463320464
2024-07-08,-0.1891891891891892
2024-07-09,-0.18532818532818532
2024-07-10,-0.15444015444015444
2024-07-11,-0.16923076923076924
2024-07-12,-0.15
2024-07-13,-0.15
2024-07-14,-0.16538461538461538
2024-07-15,-0.17307692307692307
2024-07-16,-0.21153846153846154
2024-07-17,-0.19923371647509577
2024-07-18,-0.2260536398467433
2024-07-19,-0.22988505747126436
2024-07-20,-0.2681992337164751
2024-07-21,-0.3015267175572519
2024-07-22,-0.32061068702290074
2024-07-23,-0.2900763358778626
2024-07-24,-0.29389312977099236
2024-07-25,-0.2813688212927757
2024-07-26,-0.26996197718631176
2024-07-27,-0.2661596958174905
2024-07-28,-0.26515151515151514
2024-07-29,-0.29056603773584905
2024-07-30,-0.27547169811320754
2024-07-31,-0.2490566037735849
2024-08-01,-0.24060150375939848
2024-08-02,-0.24060150375939848
2024-08-03,-0.20599250936329588
2024-08-04,-0.15730337078651685
2024-08-05,-0.10486891385767791
2024-08-06,-0.08614232209737828
2024-08-07,-0.08239700374531835
2024-08-08,-0.0599250936329588
2024-08-09,-0.052434456928838954
2024-08-10,-0.02247191011235955
2024-08-11,-0.03717472118959108
2024-08-12,-0.02973977695167286
2024-08-13,-0.022304832713754646
2024-08-14,-0.007434944237918215
2024-08-15,0.003676470588235294
2024-08-16,0.011029411764705883
2024-08-17,0.014652014652014652
2024-08-18,0.018315018315018316
2024-08-19,0.010948905109489052
2024-08-20,0.0072992700729927005
2024-08-21,0.007272727272727273
2024-08-22,0.0
2024-08-23,-0.014545454545454545
2024-08-24,-0.025362318840579712
2024-08-25,-0.036101083032490974
2024-08-26,-0.02527075812274368
2024-08-27,-0.018050541516245487
2024-08-28,-0.0036101083032490976
2024-08-29,0.01444043321299639
2024-08-30,0.021660649819494584
2024-08-31,0.0539568345323741
2024-09-01,0.07194244604316546
2024-09-02,0.07194244604316546
2024-09-03,0.07913669064748201
2024-09-04,0.10431654676258993
2024-09-05,0.13309352517985612
2024-09-06,0.13309352517985612
2024-09-07,0.15467625899280577
2024-09-08,0.14388489208633093
2024-09-09,0.1474820143884892
2024-09-10,0.17625899280575538
2024-09-11,0.14388489208633093
2024-09-12,0.15770609318996415
2024-09-13,0.15412186379928317
2024-09-14,0.16845878136200718
2024-09-15,0.15053763440860216
2024-09-16,0.16129032258064516
2024-09-17,0.16071428571428573
2024-09-18,0.175
2024-09-19,0.16071428571428573
2024-09-20,0.15
2024-09-21,0.12142857142857143
2024-09-22,0.11071428571428571
2024-09-23,0.1
2024-09-24,0.039285714285714285
2024-09-25,0.010714285714285714
2024-09-26,0.014285714285714285
2024-09-27,-0.010714285714285714
2024-09-28,-0.025
2024-09-29,-0.02142857142857143
2024-09-30,-0.0035714285714285713
2024-10-01,-0.010676156583629894
2024-10-02,-0.01773049645390071
2024-10-03,0.010638297872340425
2024-10-04,0.024822695035460994
2024-10-05,0.024822695035460994
2024-10-06,0.038869257950530034
2024-10-07,0.03180212014134275
2024-10-08,0.007042253521126761
2024-10-09,0.01056338028169014
2024-10-10,0.0
2024-10-11,-0.0035087719298245615
2024-10-12,-0.01048951048951049
2024-10-13,0.0
2024-10-14,-0.013986013986013986
2024-10-15,-0.017482517482517484
2024-10-16,-0.024475524475524476
2024-10-17,-0.017482517482517484
2024-10-18,0.0034965034965034965
2024-10-19,-0.006968641114982578
2024-10-20,-0.010452961672473868
2024-10-21,-0.024390243902439025
2024-10-22,-0.017361111111111112
2024-10-23,-0.010416666666666666
2024-10-24,-0.013888888888888888
2024-10-25,0.003472222222222222
2024-10-26,0.013888888888888888
2024-10-27,0.024305555555555556
2024-10-28,0.052083333333333336
2024-10-29,0.03819444444444445
2024-10-30,0.03819444444444445
2024-10-31,0.04861111111111111
2024-11-01,0.0625
2024-11-02,0.10380622837370242
2024-11-03,0.1245674740484429
2024-11-04,0.1384083044982699
2024-11-05,0.15570934256055363
2024-11-06,0.13494809688581316
2024-11-07,0.09342560553633218
2024-11-08,0.09688581314878893
2024-11-09,0.06920415224913495
2024-11-10,0.05172413793103448
2024-11-11,0.034482758620689655
2024-11-12,0.03436426116838488
2024-11-13,0.027491408934707903
2024-11-14,0.013745704467353952
2024-11-15,0.010309278350515464
2024-11-16,0.0
2024-11-17,0.020618556701030927
2024-11-18,0.006872852233676976
2024-11-19,-0.010309278350515464
2024-11-20,-0.010309278350515464
2024-11-21,0.006872852233676976
2024-11-22,-0.010309278350515464
2024-11-23,-0.027491408934707903
2024-11-24,-0.054982817869415807
2024-11-25,-0.08247422680412371
2024-11-26,-0.08247422680412371
2024-11-27,-0.11683848797250859
2024-11-28,-0.17525773195876287
2024-11-29,-0.21305841924398625
2024-11-30,-0.25773195876288657
2024-12-01,-0.30584192439862545
2024-12-02,-0.3458904109589041
2024-12-03,-0.3664383561643836
2024-12-04,-0.410958904109589
2024-12-05,-0.4641638225255973
2024-12-06,-0.4948805460750853
2024-12-07,-0.552901023890785
2024-12-08,-0.6279863481228669
2024-12-09,-0.6075085324232082
2024-12-10,-0.6040955631399317
2024-12-11,-0.6075085324232082
2024-12-12,-0.6382252559726962
2024-12-13,-0.6655290102389079
2024-12-14,-0.6723549488054608
2024-12-15,-0.6757679180887372
2024-12-16,-0.658703071672355
2024-12-17,-0.6689419795221843
2024-12-18,-0.6621160409556314
2024-12-19,-0.6382252559726962
2024-12-20,-0.6006825938566553
2024-12-21,-0.5767918088737202
2024-12-22,-0.5578231292517006
2024-12-23,-0.5748299319727891
2024-12-24,-0.5816326530612245
2024-12-25,-0.6020408163265306
2024-12-26,-0.5986394557823129
2024-12-27,-0.5986394557823129
2024-12-28,-0.5748299319727891
2024-12-29,-0.5898305084745763
2024-12-30,-0.5912162162162162
2024-12-31,-0.6148648648648649
2025-01-01,-0.6216216216216216
2025-01-02,-0.6363636363636364
2025-01-03,-0.6498316498316499
2025-01-04,-0.6498316498316499
2025-01-05,-0.6767676767676768
2025-01-06,-0.7080536912751678
2025-01-07,-0.7080536912751678
2025-01-08,-0.6946308724832215
2025-01-09,-0.6912751677852349
2025-01-10,-0.6711409395973155
2025-01-11,-0.6711409395973155
2025-01-12,-0.6610738255033557
2025-01-13,-0.6577181208053692
2025-01-14,-0.6577181208053692
2025-01-15,-0.6555183946488294
2025-01-16,-0.6454849498327759
2025-01-17,-0.6555183946488294
2025-01-18,-0.6722408026755853
2025-01-19,-0.68561872909699
2025-01-20,-0.6722408026755853
2025-01-21,-0.6622073578595318
2025-01-22,-0.6555183946488294
2025-01-23,-0.6755852842809364
2025-01-24,-0.6655518394648829
2025-01-25,-0.6387959866220736
2025-01-26,-0.6187290969899666
2025-01-27,-0.6220735785953178
2025-01-28,-0.6254180602006689
2025-01-29,-0.6187290969899666
2025-01-30,-0.6387959866220736
2025-01-31,-0.6287625418060201
2025-02-01,-0.6254180602006689
2025-02-02,-0.6254180602006689
2025-02-03,-0.6153846153846154
2025-02-04,-0.5785953177257525
2025-02-05,-0.5785953177257525
2025-02-06,-0.5418060200668896
2025-02-07,-0.5133333333333333
2025-02-08,-0.5133333333333333
2025-02-09,-0.4866666666666667
2025-02-10,-0.48333333333333334
2025-02-11,-0.47
2025-02-12,-0.48333333333333334
2025-02-13,-0.49
2025-02-14,-0.48
2025-02-15,-0.4666666666666667
2025-02-16,-0.45
2025-02-17,-0.44666666666666666
2025-02-18,-0.45
2025-02-19,-0.43333333333333335
2025-02-20,-0.4266666666666667
2025-02-21,-0.42
2025-02-22,-0.42333333333333334
2025-02-23,-0.41333333333333333
2025-02-24,-0.41333333333333333
2025-02-25,-0.4066666666666667
2025-02-26,-0.3933333333333333
2025-02-27,-0.38666666666666666
2025-02-28,-0.38
2025-03-01,-0.37333333333333335
2025-03-02,-0.38
2025-03-03,-0.37
2025-03-04,-0.36
2025-03-05,-0.34
2025-03-06,-0.3233333333333333
2025-03-07,-0.31666666666666665
2025-03-08,-0.30333333333333334
2025-03-09,-0.27666666666666667
2025-03-10,-0.23666666666666666
2025-03-11,-0.20333333333333334
2025-03-12,-0.18
2025-03-13,-0.15666666666666668
2025-03-14,-0.14666666666666667
2025-03-15,-0.15
2025-03-16,-0.13666666666666666
2025-03-17,-0.12666666666666668
2025-03-18,-0.14333333333333334
2025-03-19,-0.14
2025-03-20,-0.17275747508305647
2025-03-21,-0.1760797342192691
2025-03-22,-0.1893687707641196
2025-03-23,-0.19269102990033224
2025-03-24,-0.16943521594684385
2025-03-25,-0.19601328903654486
2025-03-26,-0.22259136212624583
2025-03-27,-0.23588039867109634
2025-03-28,-0.2159468438538206
2025-03-29,-0.2159468438538206
2025-03-30,-0.19269102990033224
2025-03-31,-0.16611295681063123
2025-04-01,-0.16611295681063123
2025-04-02,-0.15562913907284767
2025-04-03,-0.12582781456953643
2025-04-04,-0.10596026490066225
2025-04-05,-0.0695364238410596
2025-04-06,-0.046357615894039736
2025-04-07,-0.006622516556291391
2025-04-08,0.016556291390728478
2025-04-09,0.026490066225165563
2025-04-10,0.026490066225165563
2025-04-11,0.07260726072607261
2025-04-12,0.0858085808580858
2025-04-13,0.0627062706270627
2025-04-14,0.0594059405940594
2025-04-15,0.04950495049504951
2025-04-16,0.0924092409240924
2025-04-17,0.11551155115511551
2025-04-18,0.12871287128712872
2025-04-19,0.14521452145214522
2025-04-20,0.12828947368421054
2025-04-21,0.13157894736842105
2025-04-22,0.13157894736842105
2025-04-23,0.13486842105263158
2025-04-24,0.06907894736842106
2025-04-25,0.06907894736842106
2025-04-26,0.06907894736842106
2025-04-27,0.046052631578947366
2025-04-28,0.04276315789473684
2025-04-29,0.06907894736842106
2025-04-30,0.046052631578947366
2025-05-01,0.046052631578947366
2025-05-02,0.029605263157894735
2025-05-03,0.023026315789473683
2025-05-04,0.006578947368421052
2025-05-05,0.023026315789473683
2025-05-06,0.04276315789473684
2025-05-07,0.0594059405940594
2025-05-08,0.05263157894736842
2025-05-09,-0.009868421052631578
2025-05-10,-0.08196721311475409
2025-05-11,-0.10526315789473684
2025-05-12,-0.14473684210526316
2025-05-13,-0.14802631578947367
2025-05-14,-0.14473684210526316
2025-05-15,-0.1611842105263158
2025-05-16,-0.16447368421052633
2025-05-17,-0.18421052631578946
2025-05-18,-0.17647058823529413
2025-05-19,-0.18627450980392157
2025-05-20,-0.20915032679738563
2025-05-21,-0.17320261437908496
2025-05-22,-0.1895424836601307
2025-05-23,-0.21568627450980393
2025-05-24,-0.21568627450980393
2025-05-25,-0.24509803921568626
2025-05-26,-0.26143790849673204
2025-05-27,-0.2647058823529412
2025-05-28,-0.28104575163398693
2025-05-29,-0.2908496732026144
2025-05-30,-0.23529411764705882
2025-05-31,-0.21311475409836064
2025-06-01,-0.19344262295081968
2025-06-02,-0.18360655737704917
2025-06-03,-0.1737704918032787
2025-06-04,-0.18360655737704917
2025-06-05,-0.18032786885245902
2025-06-06,-0.16065573770491803
2025-06-07,-0.13114754098360656
2025-06-08,-0.13442622950819672
2025-06-09,-0.16065573770491803
2025-06-10,-0.1737704918032787
2025-06-11,-0.17049180327868851
2025-06-12,-0.16393442622950818
2025-06-13,-0.16721311475409836
2025-06-14,-0.16721311475409836
2025-06-15,-0.16065573770491803
2025-06-16,-0.16721311475409836
2025-06-17,-0.17704918032786884
2025-06-18,-0.16065573770491803
2025-06-19,-0.15081967213114755
2025-06-20,-0.13442622950819672
2025-06-21,-0.11147540983606558
2025-06-22,-0.09477124183006536
2025-06-23,-0.07516339869281045
2025-06-24,-0.08823529411764706
2025-06-25,-0.09477124183006536
2025-06-26,-0.08169934640522876
2025-06-27,-0.07516339869281045
2025-06-28,-0.032679738562091505
2025-06-29,-0.029411764705882353
2025-06-30,-0.0457516339869281
2025-07-01,-0.016339869281045753
2025-07-02,-0.02622950819672131
2025-07-03,-0.022950819672131147
2025-07-04,-0.019672131147540985
2025-07-05,-0.029411764705882353
2025-07-06,-0.049019607843137254
2025-07-07,-0.06209150326797386
2025-07-08,-0.032679738562091505
2025-07-09,-0.02287581699346405
2025-07-10,-0.042483660130718956
2025-07-11,-0.058823529411764705
2025-07-12,-0.058823529411764705
2025-07-13,-0.06557377049180328
2025-07-14,-0.06229508196721312
2025-07-15,-0.08196721311475409
2025-07-16,-0.10197368421052631
2025-07-17,-0.11513157894736842
2025-07-18,-0.11513157894736842
2025-07-19,-0.10197368421052631
2025-07-20,-0.11513157894736842
2025-07-21,-0.14144736842105263
2025-07-22,-0.15789473684210525
2025-07-23,-0.17105263157894737
2025-07-24,-0.17105263157894737
2025-07-25,-0.19736842105263158
2025-07-26,-0.24342105263157895
2025-07-27,-0.23684210526315788
2025-07-28,-0.21052631578947367
2025-07-29,-0.21052631578947367
2025-07-30,-0.19078947368421054
2025-07-31,-0.22039473684210525
2025-08-01,-0.22039473684210525
2025-08-02,-0.19736842105263158
2025-08-03,-0.18421052631578946
2025-08-04,-0.17105263157894737
2025-08-05,-0.19344262295081968
2025-08-06,-0.20327868852459016
2025-08-07,-0.19672131147540983
2025-08-08,-0.2360655737704918
2025-08-09,-0.2262295081967213
2025-08-10,-0.22950819672131148
2025-08-11,-0.23934426229508196
2025-08-12,-0.238562091503268
2025-08-13,-0.2679738562091503
2025-08-14,-0.3006535947712418
2025-08-15,-0.30618892508143325
2025-08-16,-0.31699346405228757
2025-08-17,-0.30491803278688523
2025-08-18,-0.3081967213114754
2025-08-19,-0.27631578947368424
2025-08-20,-0.26644736842105265
2025-08-21,-0.2631578947368421
2025-08-22,-0.26229508196721313
2025-08-23,-0.25901639344262295
2025-08-24,-0.29180327868852457
2025-08-25,-0.29180327868852457
2025-08-26,-0.27450980392156865
2025-08-27,-0.2786885245901639
2025-08-28,-0.28524590163934427
2025-08-29,-0.2819672131147541
2025-08-30,-0.2721311475409836
2025-08-31,-0.29180327868852457
2025-09-01,-0.2786885245901639
2025-09-02,-0.2754098360655738
2025-09-03,-0.26885245901639343
2025-09-04,-0.2754098360655738
2025-09-05,-0.2786885245901639
2025-09-06,-0.29180327868852457
2025-09-07,-0.30491803278688523
2025-09-08,-0.3114754098360656
2025-09-09,-0.3114754098360656
2025-09-10,-0.3180327868852459
2025-09-11,-0.32459016393442625
2025-09-12,-0.3344262295081967
2025-09-13,-0.3344262295081967
2025-09-14,-0.36065573770491804
2025-09-15,-0.39672131147540984
2025-09-16,-0.40327868852459015
2025-09-17,-0.4163934426229508
2025-09-18,-0.4163934426229508
2025-09-19,-0.42295081967213116
2025-09-20,-0.40789473684210525
2025-09-21,-0.4262295081967213
2025-09-22,-0.42295081967213116
2025-09-23,-0.39672131147540984
2025-09-24,-0.3836065573770492
2025-09-25,-0.3704918032786885
2025-09-26,-0.3540983606557377
2025-09-27,-0.3377049180327869
2025-09-28,-0.35737704918032787
2025-09-29,-0.3377049180327869
2025-09-30,-0.3377049180327869
2025-10-01,-0.3540983606557377
2025-10-02,-0.3639344262295082
2025-10-03,-0.3639344262295082
2025-10-04,-0.3770491803278688
2025-10-05,-0.3836065573770492
2025-10-06,-0.39672131147540984
2025-10-07,-0.4084967320261438
2025-10-08,-0.41830065359477125
2025-10-09,-0.40522875816993464
2025-10-10,-0.39344262295081966
2025-10-11,-0.35737704918032787
2025-10-12,-0.3475409836065574
2025-10-13,-0.3344262295081967
2025-10-14,-0.35737704918032787
2025-10-15,-0.35081967213114756
2025-10-16,-0.31699346405228757
2025-10-17,-0.2908496732026144
2025-10-18,-0.28104575163398693
2025-10-19,-0.2777777777777778
2025-10-20,-0.26229508196721313
2025-10-21,-0.25901639344262295
2025-10-22,-0.2721311475409836
2025-10-23,-0.25901639344262295
2025-10-24,-0.26143790849673204
2025-10-25,-0.26557377049180325
2025-10-26,-0.2549019607843137
2025-10-27,-0.2875816993464052
2025-10-28,-0.27124183006535946
2025-10-29,-0.25573770491803277
2025-10-30,-0.23278688524590163
2025-10-31,-0.2459016393442623
2025-11-01,-0.24262295081967214
2025-11-02,-0.23934426229508196
2025-11-03,-0.2360655737704918
2025-11-04,-0.24013157894736842
2025-11-05,-0.22039473684210525
2025-11-06,-0.19736842105263158
2025-11-07,-0.18421052631578946
2025-11-08,-0.19736842105263158
2025-11-09,-0.21710526315789475
2025-11-10,-0.23355263157894737
2025-11-11,-0.2236842105263158
2025-11-12,-0.23684210526315788
2025-11-13,-0.2262295081967213
2025-11-14,-0.22295081967213115
2025-11-15,-0.20394736842105263
2025-11-16,-0.19736842105263158
2025-11-17,-0.20065789473684212
2025-11-18,-0.18092105263157895
2025-11-19,-0.17763157894736842
2025-11-20,-0.15789473684210525
2025-11-21,-0.14144736842105263
2025-11-22,-0.13157894736842105
2025-11-23,-0.11842105263157894
2025-11-24,-0.11513157894736842
2025-11-25,-0.10526315789473684
2025-11-26,-0.10197368421052631
2025-11-27,-0.08881578947368421
2025-11-28,-0.08881578947368421
2025-11-29,-0.07894736842105263
2025-11-30,-0.08552631578947369
2025-12-01,-0.06907894736842106
2025-12-02,-0.06907894736842106
2025-12-03,-0.0858085808580858
2025-12-04,-0.0858085808580858
2025-12-05,-0.06930693069306931
2025-12-06,-0.0594059405940594
2025-12-07,-0.052805280528052806
2025-12-08,-0.0462046204620462
2025-12-09,-0.036303630363036306
2025-12-10,-0.056105610561056105
2025-12-11,-0.05592105263157895
2025-12-12,-0.06907894736842106
2025-12-13,-0.05921052631578947
2025-12-14,-0.06907894736842106
2025-12-15,-0.046052631578947366
2025-12-16,-0.03289473684210526
2025-12-17,0.0
2025-12-18,-0.013201320132013201
2025-12-19,0.019736842105263157
2025-12-20,0.023026315789473683
2025-12-21,0.01644736842105263
2025-12-22,0.03618421052631579
2025-12-23,0.033003300330033
2025-12-24,0.013201320132013201
2025-12-25,0.0231023102310231
2025-12-26,0.036303630363036306
2025-12-27,0.04950495049504951
2025-12-28,0.0627062706270627
2025-12-29,0.056105610561056105
2025-12-30,0.052805280528052806
2025-12-31,0.052805280528052806
2026-01-01,0.052805280528052806
2026-01-02,0.052805280528052806
2026-01-03,0.06930693069306931
2026-01-04,0.06930693069306931
2026-01-05,0.08970099667774087
2026-01-06,0.08637873754152824
2026-01-07,0.07973421926910298
2026-01-08,0.06312292358803986
2026-01-09,0.059800664451827246
2026-01-10,0.059800664451827246
2026-01-11,0.056666666666666664
2026-01-12,0.05
2026-01-13,0.06666666666666667
2026-01-14,0.06666666666666667
2026-01-15,0.06354515050167224
2026-01-16,0.07357859531772576
2026-01-17,0.06688963210702341
2026-01-18,0.046822742474916385
2026-01-19,0.046822742474916385
2026-01-20,0.04697986577181208
2026-01-21,0.07046979865771812
2026-01-22,0.07046979865771812
2026-01-23,0.06040268456375839
2026-01-24,0.06020066889632107
2026-01-25,0.0802675585284281
2026-01-26,0.09333333333333334
2026-01-27,0.08333333333333333
2026-01-28,0.08333333333333333
2026-01-29,0.08970099667774087
2026-01-30,0.08637873754152824
2026-01-31,0.08305647840531562
2026-02-01,0.11333333333333333
2026-02-02,0.12374581939799331
2026-02-03,0.13043478260869565
2026-02-04,0.11960132890365449
