window,buy_and_hold_return,strategy_return,alpha,buy_and_hold_prob,strategy_prob,alpha_prob
1,1.0,1.0,1.0,0.0,0.0,0.15615141955835962
2,0.9964376441053088,1.002347382721403,1.0146450298953722,0.3933649289099526,0.03949447077409163,0.5671406003159558
3,0.9929398007826652,1.0042562926537386,1.0297828106697968,0.379746835443038,0.05063291139240506,0.5854430379746836
4,0.9893991538890123,1.0067592793146656,1.0449773574164933,0.375594294770206,0.05705229793977813,0.5942947702060222
5,0.9852815410807998,1.009114814227643,1.0586969819256797,0.3761904761904762,0.06666666666666667,0.5904761904761905
6,0.9809322310981828,1.0114552506515744,1.0722996533543914,0.35771065182829886,0.07472178060413355,0.615262321144674
7,0.9767361876590069,1.013138827359948,1.0845552169635533,0.3471337579617834,0.07484076433121019,0.6242038216560509
8,0.9723703191182699,1.014917603477886,1.0971830179204771,0.3668261562998405,0.08452950558213716,0.6108452950558214
9,0.9685519716120542,1.0164093255272288,1.109567744030511,0.36261980830670926,0.0878594249201278,0.6166134185303515
10,0.9641229447726489,1.0182149624460601,1.121435990327412,0.3488,0.0896,0.6304
11,0.959711638185457,1.0201966302631513,1.1339088634500762,0.35096153846153844,0.09294871794871795,0.625
12,0.9547626405383216,1.0220567758685892,1.1457081692060134,0.3418940609951846,0.10112359550561797,0.6388443017656501
13,0.9502654941276479,1.0239917412449933,1.1580747541628156,0.3408360128617363,0.10289389067524116,0.6334405144694534
14,0.9459856807378919,1.0260468688501043,1.1714023910067481,0.3397745571658615,0.10950080515297907,0.6360708534621579
15,0.9413853052499521,1.0277671913005162,1.185021482267042,0.3387096774193548,0.11451612903225807,0.6403225806451613
16,0.9364258039275584,1.0294135225888357,1.1975692927952715,0.3344103392568659,0.1147011308562197,0.6445880452342488
17,0.931591678593825,1.0310249030520955,1.2105776686357883,0.33495145631067963,0.12135922330097088,0.6504854368932039
18,0.9269678098774596,1.0326691344272583,1.2246133509612305,0.3419773095623987,0.12641815235008103,0.6499189627228525
19,0.9222129906515343,1.0340566594947127,1.2395785579483884,0.33766233766233766,0.12987012987012986,0.6574675324675324
20,0.9169864773728081,1.0355782121954726,1.254663788891577,0.33658536585365856,0.13170731707317074,0.6504065040650406
21,0.9122300784723019,1.037062155236412,1.2705963532822917,0.31758957654723124,0.13192182410423453,0.6693811074918566
22,0.9076247184912616,1.038648454947278,1.2869298861182705,0.3295269168026101,0.13050570962479607,0.6623164763458401
23,0.9028037193382763,1.0402013424303391,1.3027139221530266,0.32679738562091504,0.13562091503267973,0.6715686274509803
24,0.8982483080700998,1.0418655102792211,1.318077538772305,0.3158756137479542,0.13747954173486088,0.6775777414075287
25,0.8935805561816227,1.0435334647170207,1.3337542449165076,0.32786885245901637,0.14426229508196722,0.6721311475409836
26,0.8888159642246778,1.045326475423282,1.3489804657340267,0.3218390804597701,0.14614121510673234,0.6781609195402298
27,0.8839673144682915,1.046973431470645,1.3651996000123263,0.34539473684210525,0.1513157894736842,0.6694078947368421
28,0.8786945403669163,1.0484868994410874,1.3812368288684307,0.35584843492586493,0.15485996705107083,0.6639209225700164
29,0.873880974131944,1.0499948391150553,1.3977120660688886,0.35973597359735976,0.15676567656765678,0.6600660066006601
30,0.8689861005349988,1.0515618941518334,1.41420244938855,0.35702479338842974,0.16198347107438016,0.6694214876033058
31,0.8647060948210012,1.0530975464482302,1.4301589203640177,0.347682119205298,0.16390728476821192,0.6754966887417219
32,0.8607640671982676,1.054575707341086,1.4470248567474973,0.35323383084577115,0.1691542288557214,0.6716417910447762
33,0.8574530281162269,1.0560322361915728,1.464995723512664,0.3438538205980066,0.1744186046511628,0.686046511627907
34,0.8540753785883726,1.0575229202958762,1.4834958397638467,0.33444259567387685,0.17637271214642264,0.6988352745424293
35,0.8513166186399197,1.059150199304999,1.502017993620313,0.33,0.17833333333333334,0.705
36,0.8482076046242619,1.06093520187555,1.521360768300348,0.32387312186978295,0.18030050083472454,0.7078464106844741
37,0.8451513411682103,1.062847043344339,1.5403088920677819,0.32608695652173914,0.18227424749163879,0.7073578595317725
38,0.8424270297758383,1.0649653532791472,1.558956838409348,0.31993299832495814,0.18257956448911222,0.7152428810720268
39,0.8403002616308257,1.0670959366814783,1.5776259753286537,0.3187919463087248,0.18288590604026847,0.714765100671141
40,0.8379904042068455,1.069216474356083,1.5971400742905157,0.31932773109243695,0.18487394957983194,0.719327731092437
41,0.8356429787867679,1.071357528022882,1.616737097294382,0.30134680134680136,0.18518518518518517,0.7272727272727273
42,0.8328188144498584,1.0735572315434396,1.636385682677454,0.2934232715008432,0.18549747048903878,0.7318718381112985
43,0.8295860503442288,1.0757130900265273,1.6560798656312798,0.28040540540540543,0.1875,0.7449324324324325
44,0.8262730192338242,1.0778378366441759,1.6763947645630857,0.27918781725888325,0.1895093062605753,0.7445008460236887
45,0.8229225378090202,1.0798540377137635,1.696638438451709,0.2745762711864407,0.19322033898305085,0.747457627118644
46,0.8197134849540592,1.0819193943051082,1.7178768240810083,0.27843803056027167,0.19524617996604415,0.7453310696095077
47,0.8166300945451246,1.0839912116466088,1.739523167257508,0.2789115646258503,0.19727891156462585,0.7448979591836735
48,0.8140718536113635,1.086062902348246,1.7620029934935602,0.26916524701873934,0.19931856899488926,0.747870528109029
49,0.8114872226952772,1.0880792477539494,1.784455436477929,0.2713310580204778,0.2030716723549488,0.742320819112628
50,0.8084398227026175,1.0899270221085762,1.8074329813129923,0.252991452991453,0.20512820512820512,0.7572649572649572
51,0.804779681494611,1.091703006975666,1.8299785613335782,0.2636986301369863,0.2071917808219178,0.7482876712328768
52,0.8018203301143896,1.0934304102668337,1.8532900788079676,0.26758147512864494,0.2109777015437393,0.7478559176672385
53,0.7990822536352381,1.0950330899517573,1.8774229189455702,0.26804123711340205,0.21477663230240548,0.7457044673539519
54,0.7965770187654844,1.0965961250891965,1.9017415191774645,0.2736660929432014,0.21858864027538727,0.7435456110154905
55,0.7939407143220993,1.0982253766566938,1.9235506475597801,0.2620689655172414,0.22241379310344828,0.7517241379310344
56,0.7918813887605024,1.0998604720361245,1.9423002108531477,0.26252158894645944,0.22625215889464595,0.7564766839378239
57,0.7895305347521926,1.1015177859464078,1.9602225750862716,0.25951557093425603,0.2301038062283737,0.7525951557093425
58,0.7873033141367273,1.1032044199150366,1.9789169440223457,0.2564991334488735,0.2339688041594454,0.75736568457539
59,0.7844231653039428,1.1049716642474467,1.9984334465740727,0.2569444444444444,0.2378472222222222,0.7569444444444444
60,0.7818209040326858,1.1067073044686997,2.0185831294022694,0.25565217391304346,0.2417391304347826,0.7530434782608696
61,0.779619921713695,1.1085849737895077,2.0396501696369795,0.25435540069686413,0.24390243902439024,0.7526132404181185
62,0.7776313607044778,1.1105325979857759,2.0623532065551404,0.2513089005235602,0.24607329842931938,0.7521815008726004
63,0.7752916274980166,1.1124132939027465,2.086331046197804,0.2517482517482518,0.24825174825174826,0.7517482517482518
64,0.7726957864527421,1.1143494215282705,2.1097948756399107,0.2504378283712785,0.2504378283712785,0.7565674255691769
65,0.7701171124400048,1.1164212685512072,2.135339732651156,0.24912280701754386,0.25263157894736843,0.7596491228070176
66,0.7672894870457193,1.1185609584694307,2.162140003983178,0.2478031634446397,0.2548330404217926,0.7592267135325131
67,0.765321171659141,1.1206442636866714,2.1887015543656365,0.24119718309859156,0.25528169014084506,0.7623239436619719
68,0.7631434553022708,1.1227528840201608,2.2128785770465638,0.24162257495590828,0.25573192239858905,0.763668430335097
69,0.7614372395336435,1.1249265180068695,2.239179864099923,0.2332155477031802,0.25618374558303886,0.7685512367491166
70,0.759436065023993,1.1269790227508025,2.264701741755673,0.2336283185840708,0.25663716814159293,0.7716814159292036
71,0.7579509090124167,1.1288946986004846,2.28910399510945,0.2322695035460993,0.2570921985815603,0.774822695035461
72,0.7567873177443382,1.1309103171126211,2.314397673163075,0.2291296625222025,0.2557726465364121,0.7779751332149201
73,0.7554215716803689,1.1328301979778301,2.3396210673905173,0.22953736654804271,0.2580071174377224,0.7740213523131673
74,0.7537242940262812,1.1346556333176459,2.362809100738137,0.22994652406417113,0.26024955436720143,0.7771836007130125
75,0.7515532332150259,1.136300055160992,2.384167413655151,0.23035714285714284,0.2625,0.7785714285714286
76,0.7492115191650076,1.1380914676133047,2.4043436435986973,0.23434704830053668,0.26475849731663686,0.774597495527728
77,0.7463595239467389,1.1398192283720976,2.426314353924901,0.23655913978494625,0.2670250896057348,0.7724014336917563
78,0.7434100812854229,1.1414557005798571,2.450730195963179,0.2333931777378815,0.26929982046678635,0.77737881508079
79,0.7406303931576327,1.143060347503635,2.476026965744331,0.23201438848920863,0.2697841726618705,0.7769784172661871
80,0.7377227192588856,1.1446994170519063,2.501281503383087,0.22882882882882882,0.27387387387387385,0.7747747747747747
81,0.7353206087316508,1.1464132605986221,2.5269065218924656,0.22743682310469315,0.27617328519855594,0.7743682310469314
82,0.733014873595127,1.1480130538755875,2.5544197029319804,0.22784810126582278,0.2766726943942134,0.7775768535262206
83,0.7310121493731555,1.1495017715434301,2.579149227026303,0.23007246376811594,0.27898550724637683,0.7717391304347826
84,0.7289362688416161,1.1508366000210082,2.609293138511937,0.2323049001814882,0.2813067150635209,0.7695099818511797
85,0.7267699970298344,1.1522151477710825,2.638856013849067,0.22727272727272727,0.28363636363636363,0.7672727272727272
86,0.7248395874158611,1.1535376477671655,2.6673442412238684,0.22404371584699453,0.2859744990892532,0.7795992714025501
87,0.7223697015578973,1.1547252762010314,2.6931068479791107,0.21897810218978103,0.28832116788321166,0.7773722627737226
88,0.7188483988799194,1.1559124663890616,2.7185229979115997,0.21937842778793418,0.2906764168190128,0.7824497257769653
89,0.7160461555550401,1.156978727586738,2.744767874701275,0.22344322344322345,0.29304029304029305,0.7783882783882784
90,0.7133062266812545,1.158012987538665,2.772460520076313,0.21467889908256882,0.29357798165137616,0.781651376146789
91,0.7108760538857242,1.158977629177546,2.800831337507605,0.20955882352941177,0.29411764705882354,0.7794117647058824
92,0.7086647715578158,1.1599195019348791,2.828966391891667,0.20810313075506445,0.2946593001841621,0.7790055248618785
93,0.7066686897844435,1.160796070814595,2.858310880030711,0.2066420664206642,0.29704797047970477,0.7804428044280443
94,0.7043064956213974,1.161600859637955,2.8884216459139034,0.20702402957486138,0.29944547134935307,0.7744916820702403
95,0.7017086406673696,1.1621792342774635,2.919121572184719,0.20555555555555555,0.29814814814814816,0.7870370370370371
96,0.6990162960413395,1.1624813857896117,2.94961049024301,0.20593692022263452,0.2987012987012987,0.7866419294990723
97,0.6959945990022992,1.1624170847829023,2.980671851191684,0.20074349442379183,0.29739776951672864,0.7825278810408922
98,0.6937129045942573,1.1622684997290889,3.0128596570161528,0.2011173184357542,0.29608938547486036,0.7839851024208566
99,0.6910768944029883,1.1621933571326948,3.047045848404011,0.1921641791044776,0.2947761194029851,0.792910447761194
100,0.6882283884691807,1.1622922282145565,3.0821386170298344,0.18878504672897195,0.297196261682243,0.794392523364486
101,0.6850799447775097,1.1623849020142867,3.1166425423968,0.1797752808988764,0.299625468164794,0.795880149812734
102,0.6821572457386282,1.16241099750573,3.1529077976897555,0.1801125703564728,0.300187617260788,0.7936210131332082
103,0.6788990708898623,1.1623777828992428,3.1896581393297105,0.18233082706766918,0.29887218045112784,0.793233082706767
104,0.675856453289641,1.1623041617042547,3.22705946296363,0.17890772128060264,0.2994350282485876,0.7984934086629002
105,0.6725313291468135,1.162166302594662,3.264238483122293,0.1811320754716981,0.2981132075471698,0.7943396226415095
106,0.6692785632734676,1.1620134282153933,3.3008358930264396,0.1833648393194707,0.29678638941398866,0.7920604914933838
107,0.6660260582530595,1.1619749098406287,3.3399121271158716,0.18371212121212122,0.29545454545454547,0.7916666666666666
108,0.6630242478332159,1.161970119596086,3.381590441968467,0.1859582542694497,0.29601518026565465,0.7836812144212524
109,0.6604230222777487,1.1623443429214126,3.4273118895094674,0.188212927756654,0.2946768060836502,0.7889733840304183
110,0.6577385687457965,1.162649983319137,3.4714744483788533,0.18666666666666668,0.29333333333333333,0.7866666666666666
111,0.6552547462260053,1.1628182114100916,3.5130935028311066,0.18893129770992367,0.2919847328244275,0.7900763358778626
112,0.6526243380462704,1.1629745549406691,3.554530949211445,0.18929254302103252,0.2925430210325048,0.7896749521988528
113,0.6497480099367937,1.1628841315965275,3.597258690968729,0.19348659003831417,0.29310344827586204,0.7854406130268199
114,0.6469954276517131,1.1628217031466328,3.640069236933057,0.19385796545105566,0.29174664107485604,0.7869481765834933
115,0.6442612428191729,1.162999721022267,3.683040003543742,0.18846153846153846,0.28846153846153844,0.7903846153846154
116,0.6412359293048917,1.1632683056881932,3.726756099218857,0.1907514450867052,0.28901734104046245,0.789980732177264
117,0.6380532030009134,1.163441457388385,3.7683013389100206,0.19498069498069498,0.2857142857142857,0.7895752895752896
118,0.6350825765219004,1.1638378135514034,3.8104746457296987,0.19922630560928434,0.2862669245647969,0.7852998065764023
119,0.6315156171571709,1.1637894839130296,3.85245984831266,0.19767441860465115,0.28488372093023256,0.7887596899224806
120,0.6282560589861766,1.1638664208536378,3.8928478243727924,0.20388349514563106,0.283495145631068,0.7864077669902912
121,0.6251596518793917,1.1639023950777505,3.933277659459444,0.20817120622568094,0.2840466926070039,0.7821011673151751
122,0.6222210757877085,1.1642526903577521,3.978573749967051,0.21052631578947367,0.28460038986354774,0.7777777777777778
123,0.6191305336360118,1.1644538814573184,4.025856135243027,0.216796875,0.28515625,0.767578125
124,0.6161006280366291,1.164675757674013,4.072493210177595,0.2191780821917808,0.2837573385518591,0.7710371819960861
125,0.6133079534855882,1.1650254703527463,4.118376190950887,0.22941176470588234,0.2823529411764706,0.7627450980392156
126,0.6106357491059043,1.165608992565731,4.161167267549137,0.22789783889980353,0.28094302554027506,0.7642436149312377
127,0.6080126833096441,1.1660030981785485,4.204638526330873,0.23228346456692914,0.281496062992126,0.7598425196850394
128,0.605261863042414,1.1657344595821009,4.248040289191884,0.22287968441814596,0.28205128205128205,0.7712031558185405
129,0.6030929422148442,1.1653732661941816,4.292219256527347,0.22332015810276679,0.28063241106719367,0.7687747035573123
130,0.6007279526108097,1.1651041611899688,4.337405006644448,0.23366336633663368,0.28316831683168314,0.7584158415841584
131,0.5985453681638978,1.1639472205752899,4.382272145231257,0.2361111111111111,0.2857142857142857,0.7599206349206349
132,0.5962960157191409,1.1628762155863797,4.427924538822926,0.22664015904572565,0.2882703777335984,0.7713717693836978
133,0.5938551832302329,1.1616750551468351,4.4708720454564554,0.2290836653386454,0.2908366533864542,0.7689243027888446
134,0.5914080223659335,1.1604665570441122,4.512187384568591,0.22355289421157684,0.2894211576846307,0.7744510978043913
135,0.5890075672789555,1.1592050429640965,4.551756756328854,0.22,0.288,0.776
136,0.5865496309533841,1.1581623665808893,4.592835911104941,0.2124248496993988,0.28857715430861725,0.7835671342685371
137,0.5842837390636498,1.1571897677862326,4.631693955451098,0.20281124497991967,0.2891566265060241,0.7951807228915663
138,0.5821850391300017,1.1570610698266461,4.676248385046778,0.20321931589537223,0.289738430583501,0.7947686116700201
139,0.579881684048177,1.1568764306039516,4.721366309041151,0.20967741935483872,0.2923387096774194,0.7883064516129032
140,0.5772193458947587,1.1567214961496457,4.767950619996671,0.20202020202020202,0.29292929292929293,0.797979797979798
141,0.5748941626332419,1.1565398279313706,4.815349658586517,0.20040485829959515,0.29554655870445345,0.7995951417004049
142,0.5719667051832172,1.1564225861146349,4.8634046683627,0.1947261663286004,0.29411764705882354,0.8052738336713996
143,0.5693031882576058,1.1562990347518904,4.910361398635977,0.18902439024390244,0.29471544715447157,0.8109756097560976
144,0.5661875266060116,1.1565260570170834,4.956798088861433,0.1934826883910387,0.29124236252545826,0.8065173116089613
145,0.5632586004822072,1.157063023178248,5.00067980096903,0.18775510204081633,0.2897959183673469,0.8122448979591836
146,0.5601813097171752,1.1575943043871997,5.042768300423197,0.19427402862985685,0.2903885480572597,0.8057259713701431
147,0.5571423073876157,1.1580822753279743,5.089448781197175,0.20081967213114754,0.29098360655737704,0.7991803278688525
148,0.5541684555498155,1.15856152472947,5.137355086970244,0.2053388090349076,0.2915811088295688,0.7946611909650924
149,0.550851443493825,1.159110479191613,5.190500401648802,0.19958847736625515,0.29218106995884774,0.8004115226337448
150,0.5476183194699817,1.1596740748253727,5.244833810537061,0.2020618556701031,0.2927835051546392,0.797938144329897
151,0.5443045131082279,1.1602192378229002,5.299853032213964,0.20041322314049587,0.29132231404958675,0.7995867768595041
152,0.541411841815094,1.1608644663308327,5.353200277706446,0.19668737060041408,0.2919254658385093,0.8033126293995859
153,0.5380503533286636,1.161652474265762,5.406662324544959,0.2033195020746888,0.2925311203319502,0.7966804979253111
154,0.5347574604685162,1.162536996110461,5.461303464875776,0.20374220374220375,0.29313929313929316,0.7962577962577962
155,0.5310479754534834,1.163414779330621,5.514968473871791,0.20416666666666666,0.29583333333333334,0.7958333333333333
156,0.527215542110637,1.1643563597408821,5.570885503882235,0.20668058455114824,0.2985386221294363,0.7933194154488518
157,0.523197750828206,1.165348066471431,5.6276753084974045,0.200836820083682,0.29707112970711297,0.799163179916318
158,0.5197811794070246,1.1664411254159592,5.685214482478303,0.20754716981132076,0.2976939203354298,0.7924528301886793
159,0.5163891729838034,1.1677589237101003,5.7467116250993495,0.20798319327731093,0.3004201680672269,0.792016806722689
160,0.5131075588147739,1.1692596666272947,5.8081183423874645,0.21263157894736842,0.3031578947368421,0.7873684210526316
161,0.5100221770230613,1.1707905286320117,5.871748187334534,0.2109704641350211,0.3059071729957806,0.7890295358649789
162,0.5067975776252962,1.172327863626178,5.933149003307738,0.21141649048625794,0.3086680761099366,0.7885835095137421
163,0.503902841887483,1.1738717127516756,5.999578383846228,0.211864406779661,0.3114406779661017,0.788135593220339
164,0.5010819149065191,1.1754221174997865,6.065575564334233,0.21019108280254778,0.31422505307855625,0.7898089171974523
165,0.49830480019397727,1.1769791197149109,6.13223109452895,0.21063829787234042,0.3170212765957447,0.7893617021276595
166,0.4951086045239877,1.17854276159833,6.195862376300217,0.21321961620469082,0.31982942430703626,0.7867803837953091
167,0.49187187086881073,1.18011308571202,6.2549834753992535,0.21367521367521367,0.32264957264957267,0.7863247863247863
168,0.48880196428674627,1.181690134982514,6.315953499814685,0.21627408993576017,0.32548179871520344,0.7837259100642399
169,0.4856594467293984,1.1832739527048128,6.376082305264472,0.21030042918454936,0.3283261802575107,0.7896995708154506
170,0.4828777820806199,1.1848645825463469,6.435433943720445,0.2,0.3311827956989247,0.8
171,0.4807465126653903,1.1864620685509915,6.492878055455321,0.1939655172413793,0.33405172413793105,0.8060344827586207
172,0.4788500976873168,1.1880664551431288,6.555778728409959,0.17926565874730022,0.3369330453563715,0.8207343412526998
173,0.47696919601900567,1.1896777871317687,6.619408408100783,0.18398268398268397,0.3398268398268398,0.816017316017316
174,0.4749669575756959,1.1912961097147199,6.680277786628998,0.175704989154013,0.34273318872017355,0.824295010845987
175,0.4728519634515285,1.1929214684828142,6.73841983955014,0.17173913043478262,0.3456521739130435,0.8282608695652174
176,0.4705168436708378,1.1945539094241897,6.794433812900087,0.1655773420479303,0.3485838779956427,0.8344226579520697
177,0.4682902571165577,1.1962588274916883,6.850290544084239,0.16593886462882096,0.35152838427947597,0.834061135371179
178,0.46580188147048895,1.1980144558213348,6.9044978752532415,0.16630196936542668,0.3544857768052516,0.8336980306345733
179,0.46331409630033277,1.2004876310900399,6.965855261924409,0.1600877192982456,0.3574561403508772,0.8399122807017544
180,0.46065894505578525,1.2029692389198752,7.024516135373512,0.15604395604395604,0.36043956043956044,0.843956043956044
181,0.4576051382702865,1.2054601650483483,7.084828431320848,0.15638766519823788,0.3634361233480176,0.8436123348017621
182,0.45441772450885876,1.2079355993205907,7.146042983142827,0.15673289183222958,0.36644591611479027,0.8432671081677704
183,0.45162652649042756,1.2104219868418251,7.209026326990721,0.1504424778761062,0.3694690265486726,0.8495575221238938
184,0.4489413771262395,1.2129194004718011,7.271411475317434,0.14855875831485588,0.37250554323725055,0.8514412416851441
185,0.4458306541558937,1.2154026220676244,7.331906826958405,0.14222222222222222,0.37555555555555553,0.8577777777777778
186,0.44286998676285183,1.2178801656408735,7.390351695676496,0.1358574610244989,0.37861915367483295,0.8641425389755011
187,0.4401291407437107,1.220094018457432,7.44768007448967,0.13616071428571427,0.38169642857142855,0.8638392857142857
188,0.4378550774955874,1.2223177766557198,7.506035170409956,0.1319910514541387,0.38478747203579416,0.8680089485458613
189,0.4357378190387579,1.2245515068638655,7.569821692578983,0.12331838565022421,0.38789237668161436,0.8766816143497758
190,0.4334829029147139,1.2267952763089014,7.6378522488032825,0.11235955056179775,0.39101123595505616,0.8876404494382022
191,0.430969162462247,1.22904915282351,7.7046208183085385,0.10810810810810811,0.39414414414414417,0.8918918918918919
192,0.42835041834307597,1.231313204852857,7.7722224503146435,0.10835214446952596,0.3972911963882618,0.891647855530474
193,0.4253539203025222,1.2335875014615223,7.83927736741885,0.1085972850678733,0.4004524886877828,0.8914027149321267
194,0.4222281957200925,1.2358721123405219,7.904497003940888,0.10204081632653061,0.4036281179138322,0.8979591836734694
195,0.4193520113081241,1.2381671078144258,7.964386005410668,0.10227272727272728,0.4068181818181818,0.8977272727272727
196,0.4164355177186885,1.2404725588485752,8.02349649988938,0.09567198177676538,0.41002277904328016,0.9043280182232346
197,0.41335268910221384,1.2427885370563967,8.082583748443973,0.1004566210045662,0.4132420091324201,0.8995433789954338
198,0.41021337975615413,1.245115114706817,8.142106498797189,0.09839816933638444,0.41647597254004576,0.9016018306636155
199,0.4067153013202358,1.2474523647317801,8.199678663499702,0.09862385321100918,0.4197247706422018,0.9013761467889908
200,0.40292017944517655,1.24980036073387,8.25930042144922,0.10114942528735632,0.42298850574712643,0.8988505747126436
201,0.39924107780767365,1.252159176994034,8.319695133976833,0.10368663594470046,0.42626728110599077,0.8963133640552995
202,0.3956045843874335,1.2545288884794177,8.38300966993242,0.10161662817551963,0.4295612009237875,0.8983833718244804
203,0.39200069642251545,1.256909570851308,8.448889636939839,0.10185185185185185,0.43287037037037035,0.8981481481481481
204,0.38861169860099987,1.259301300473184,8.511862020694696,0.10672853828306264,0.4361948955916473,0.8932714617169374
205,0.3853475411771839,1.2617041544188825,8.56730948246354,0.10232558139534884,0.43953488372093025,0.8976744186046511
206,0.38203538248464614,1.2641182104808781,8.623853568823018,0.09557109557109557,0.4428904428904429,0.9044289044289044
207,0.378713860064325,1.2665435471786777,8.682578899829702,0.09345794392523364,0.4462616822429907,0.9065420560747663
208,0.37540375202929155,1.268980243767333,8.746383983188712,0.09836065573770492,0.4496487119437939,0.9016393442622951
209,0.3715600371905353,1.2714283802460762,8.810621866700519,0.09389671361502347,0.45305164319248825,0.9061032863849765
210,0.36775447290451774,1.273888037367072,8.875261880600606,0.08941176470588236,0.45647058823529413,0.9105882352941177
211,0.36379593174776026,1.2763592966442991,8.94437276931537,0.08726415094339622,0.45990566037735847,0.9127358490566038
212,0.3601006830646312,1.2788422403625532,9.007267718321975,0.07565011820330969,0.46335697399527187,0.9243498817966903
213,0.35644723544641993,1.2813369515865813,9.06882067584819,0.05924170616113744,0.466824644549763,0.9407582938388626
214,0.3529118449456497,1.2838435141703435,9.133777341234095,0.057007125890736345,0.47030878859857483,0.9429928741092637
215,0.34956074933949155,1.2863620127664088,9.201133445004924,0.05476190476190476,0.4738095238095238,0.9452380952380952
216,0.346288445134453,1.2888925328354865,9.264704876883297,0.050119331742243436,0.477326968973747,0.9498806682577565
217,0.343579951452778,1.291435160656091,9.32852977366426,0.03110047846889952,0.48086124401913877,0.9688995215311005
218,0.3408714322927165,1.2939899833343484,9.394031295999591,0.026378896882494004,0.4844124700239808,0.973621103117506
219,0.33813768722390447,1.2965570888139437,9.461126034246218,0.021634615384615384,0.4879807692307692,0.9783653846153846
220,0.33505759087765047,1.2991365658862117,9.533276655480485,0.021686746987951807,0.491566265060241,0.9783132530120482
221,0.332173022185881,1.3017285042003746,9.608309483522918,0.012077294685990338,0.49516908212560384,0.9879227053140096
222,0.32927055674233185,1.3043329942739281,9.680069301178213,0.004842615012106538,0.49878934624697335,0.9951573849878934
223,0.3265004714681951,1.3069501275031783,9.756063121272867,0.009708737864077669,0.5024271844660194,0.9902912621359223
224,0.3234397240808724,1.3095799961739334,9.834618075559701,0.009732360097323601,0.5060827250608273,0.9902676399026764
225,0.32045327247790784,1.312222693472351,9.912125928933497,0.007317073170731708,0.5097560975609756,0.9926829268292683
226,0.31746488683056484,1.3148783134959439,9.987627408106572,0.0024449877750611247,0.5134474327628362,0.9975550122249389
227,0.31475853000930626,1.3175469512647509,10.062691509899551,0.0024509803921568627,0.5171568627450981,0.9975490196078431
228,0.3124552935283538,1.3202287027326673,10.139966343848114,0.007371007371007371,0.5208845208845209,0.9926289926289926
229,0.31006159453026844,1.322923664798948,10.216247142205315,0.009852216748768473,0.5246305418719212,0.9901477832512315
230,0.3075443598729378,1.3256319353198767,10.294835471215274,0.009876543209876543,0.528395061728395,0.9901234567901235
231,0.30507582728971844,1.328353613120612,10.379919054029388,0.009900990099009901,0.5321782178217822,0.9900990099009901
232,0.30266336518780224,1.3310887980072073,10.463173173333693,0.01240694789081886,0.5359801488833746,0.9875930521091811
233,0.2998667522712823,1.33383759077881,10.55406950203046,0.014925373134328358,0.5398009950248757,0.9850746268656716
234,0.2972552664764693,1.3366000932400472,10.646443973534922,0.014962593516209476,0.543640897755611,0.9850374064837906
235,0.2945617039107376,1.3393764082135902,10.746167140421925,0.0175,0.5475,0.9825
236,0.2918777154327532,1.342166639552916,10.847121263122265,0.017543859649122806,0.5513784461152882,0.9824561403508771
237,0.2892565470068974,1.3449708921552528,10.9460466333275,0.01507537688442211,0.5552763819095478,0.9849246231155779
238,0.2869338294699595,1.34778927197473,11.042501369660584,0.017632241813602016,0.5591939546599496,0.982367758186398
239,0.2842676036542041,1.3506218860357195,11.136777236160498,0.020202020202020204,0.5631313131313131,0.9797979797979798
240,0.2815723823323155,1.3534688424463854,11.233307314245348,0.017721518987341773,0.5670886075949367,0.9822784810126582
241,0.2790133479003089,1.3563302504124353,11.331963794709448,0.012690355329949238,0.5710659898477157,0.9873096446700508
242,0.27654758975722843,1.3592062202510857,11.426498670623225,0.010178117048346057,0.5750636132315522,0.989821882951654
243,0.27417549089648285,1.362099161496885,11.517492951957525,0.01020408163265306,0.5790816326530612,0.9897959183673469
244,0.2715991663418315,1.364974257154586,11.597343794411342,0.0076726342710997444,0.5831202046035806,0.9923273657289002
245,0.26904398940188534,1.367771819096867,11.681562233918523,0.0,0.5871794871794872,1.0
246,0.2663170038653527,1.370157058818045,11.770382072741633,0.0,0.5912596401028277,1.0
247,0.2637084168867788,1.371537280648789,11.866448028870765,0.0,0.5927835051546392,1.0
248,0.26124905391122144,1.3730224796067287,11.969958755860818,0.002583979328165375,0.5943152454780362,0.9974160206718347
249,0.25874537397258557,1.3745359622454134,12.068785766735694,0.0,0.5958549222797928,1.0
250,0.25629250361848227,1.3761651172127034,12.16519963619098,0.0,0.5974025974025974,1.0
251,0.2537641406145659,1.3771447138721111,12.269782075569807,0.0,0.5989583333333334,1.0
252,0.25140607303667656,1.3781294259187746,12.389915680752507,0.0,0.6005221932114883,1.0
253,0.2491948594268294,1.379119293525892,12.51915986334096,0.0,0.6020942408376964,1.0
254,0.24714124110996988,1.3801143572884274,12.651293071768805,0.0,0.6036745406824147,1.0
255,0.2450995857937305,1.38111465822866,12.782077056685615,0.0,0.6052631578947368,1.0
256,0.24293895357672918,1.3821202378018227,12.913003729121879,0.0,0.6068601583113457,1.0
257,0.24080160937881312,1.3831311379018272,13.038842229494788,0.0,0.6084656084656085,1.0
258,0.2383768023942516,1.3841474008670842,13.165501373180078,0.0,0.610079575596817,1.0
259,0.23599431277568347,1.3851690694864114,13.292264947121273,0.0,0.6117021276595744,1.0
260,0.2333964241980409,1.386196187005042,13.404491796592328,0.0,0.6133333333333333,1.0
261,0.23065813299631735,1.3872287971307238,13.529190278545531,0.0,0.6149732620320856,1.0
262,0.22815141905209374,1.3882669440399213,13.666770025784508,0.0,0.6166219839142091,1.0
263,0.22584545775647283,1.3893106723841147,13.809714834358953,0.0,0.6182795698924731,1.0
264,0.22362181455174218,1.3903600272962016,13.946121029250715,0.0,0.6199460916442049,1.0
265,0.2213883687228385,1.3914150543970019,14.092735633695991,0.0,0.6216216216216216,1.0
266,0.21886056285100827,1.3924757998018717,14.241639232653897,0.0,0.6233062330623306,1.0
267,0.21630240956931338,1.3935423101274202,14.390525575245128,0.0,0.625,1.0
268,0.21377409333845385,1.39461463249834,14.529911054950489,0.0,0.6267029972752044,1.0
269,0.21082724639685044,1.3956928145543464,14.658240727092885,0.0,0.6284153005464481,1.0
270,0.20794183980754985,1.396776904457235,14.77745990216834,0.0,0.6301369863013698,1.0
271,0.2051063481187779,1.3978669508980515,14.91768792190358,0.0,0.6318681318681318,1.0
272,0.2024339323766347,1.3989630031043823,15.053625458105255,0.0,0.6336088154269972,1.0
273,0.2000480900616936,1.4000651108477642,15.188228795428591,0.0,0.6353591160220995,1.0
274,0.19757090489647636,1.4011733244512208,15.324322944627134,0.0,0.6371191135734072,1.0
275,0.19475562440826003,1.4022876947969187,15.461215140225512,0.0,0.6388888888888888,1.0
276,0.19185495996217491,1.4034082733339577,15.59564962608415,0.0,0.6406685236768802,1.0
277,0.18924334063767226,1.404535112086287,15.72637666456732,0.0,0.6424581005586593,1.0
278,0.1864217013461564,1.4056682636607585,15.87642176458562,0.0,0.6442577030812325,1.0
279,0.18385360234114212,1.406807781255311,16.027111706121964,0.0,0.6460674157303371,1.0
280,0.18122765785318234,1.407953718667298,16.18354085268858,0.0,0.647887323943662,1.0
281,0.17868798209656675,1.409106130301951,16.348629858579937,0.0,0.6497175141242938,1.0
282,0.17630199661687415,1.4102650711809936,16.50999847839591,0.0,0.6515580736543909,1.0
283,0.17377858363122986,1.4114305969513943,16.67949394565859,0.0,0.6534090909090909,1.0
284,0.17163309436950439,1.4126027638942757,16.852961352352462,0.0,0.6552706552706553,1.0
285,0.1692133296202586,1.4137816289339737,17.010492960272853,0.0,0.6571428571428571,1.0
286,0.16720516840280125,1.4149672496472516,17.176647877255746,0.0,0.6590257879656161,1.0
287,0.16517113335185513,1.4161596842726745,17.346062845338103,0.0,0.6609195402298851,1.0
288,0.163350833030295,1.4173589917201461,17.52059555024648,0.0,0.6628242074927954,1.0
289,0.1613891779149806,1.418565231580609,17.687471332908544,0.0,0.6647398843930635,1.0
290,0.15949869466993172,1.4197784641359152,17.872006335061783,0.0,0.6666666666666666,1.0
291,0.1576735235995275,1.4209987503688686,18.051251156763247,0.0,0.6686046511627907,1.0
292,0.1560289238285672,1.4222261519734425,18.238976242016832,0.0,0.6705539358600583,1.0
293,0.1546073823843767,1.4234607313651777,18.42843162552208,0.0,0.672514619883041,1.0
294,0.15324934089930634,1.4247025516917617,18.609587389896557,0.0,0.6744868035190615,1.0
295,0.1520403064624592,1.4259516768437965,18.78925973521463,0.0,0.6764705882352942,1.0
296,0.15079436326974613,1.4272081714657543,18.971757001337632,0.0,0.6784660766961652,1.0
297,0.1494162579727106,1.4284721009671324,19.17229888644307,0.0,0.6804733727810651,1.0
298,0.1481614851494721,1.4297435315338003,19.370549640885077,0.0,0.6824925816023739,1.0
299,0.14692959024561933,1.4310225301395558,19.56584172161701,0.0,0.6845238095238095,1.0
300,0.14559484155869773,1.432309164557883,19.727803988888517,0.0,0.6865671641791045,1.0
301,0.14424285649085997,1.4336035033739245,19.86170109506777,0.0,0.688622754491018,1.0
302,0.14284453308190098,1.434905615996669,19.971006977748768,0.0,0.6906906906906907,1.0
303,0.14135217835346858,1.4362155726713577,20.13691764444522,0.0,0.6927710843373494,1.0
304,0.13973772441916746,1.437533444492117,20.294138541150463,0.0,0.6948640483383686,1.0
305,0.138261515360454,1.4388593034148205,20.45741399466943,0.0,0.696969696969697,1.0
306,0.13683405827098238,1.4401932222701843,20.626850321427693,0.0,0.6990881458966566,1.0
307,0.1354375218017027,1.441535274777106,20.75851859474616,0.0,0.7012195121951219,1.0
308,0.13407363749354304,1.4428855355562407,20.889490673944316,0.0,0.7033639143730887,1.0
309,0.13279082267327313,1.4442440801438365,21.00214417703934,0.0,0.7055214723926381,1.0
310,0.13161851749712739,1.4456109850058176,21.12201366245795,0.0,0.7076923076923077,1.0
311,0.130403746527668,1.4469863275521317,21.250710566383802,0.0,0.7098765432098766,1.0
312,0.1292433408818075,1.4483701861513645,21.402945667897843,0.0,0.7120743034055728,1.0
313,0.12808055385141093,1.4497626401456232,21.62239434617654,0.0,0.7142857142857143,1.0
314,0.1268563482211184,1.4511637698657032,21.82218835266453,0.0,0.7165109034267912,1.0
315,0.12568567542253534,1.4525736566465335,22.035692378991907,0.0,0.71875,1.0
316,0.1243507279044634,1.4539923828429175,22.228625344786273,0.0,0.7210031347962382,1.0
317,0.12317429303226882,1.4554200318455683,22.446526645565257,0.0,0.7232704402515723,1.0
318,0.122023979392949,1.4568566880974472,22.65542712630825,0.0,0.7255520504731862,1.0
319,0.12092462605445874,1.4583024371104136,22.862849553037762,0.0,0.7278481012658228,1.0
320,0.11976023533553774,1.4597573654821927,23.06071551307822,0.0,0.7301587301587301,1.0
321,0.11860203828357509,1.4612215609136645,23.247697902183898,0.0,0.732484076433121,1.0
322,0.11750926675992324,1.462695112226488,23.450763204218564,0.0,0.7348242811501597,1.0
323,0.11640762973372222,1.46417810938106,23.68187431757663,0.0,0.7371794871794872,1.0
324,0.1154189507452929,1.4656706434948252,23.909633754378103,0.0,0.7395498392282959,1.0
325,0.11414531851357132,1.4671728068609378,24.1222973779493,0.0,0.7419354838709677,1.0
326,0.11270604389743195,1.4686846929672837,24.353258061499997,0.0,0.7443365695792881,1.0
327,0.11129307628325356,1.4702063965158787,24.565202678768543,0.0,0.7467532467532467,1.0
328,0.10990573844143972,1.4717380134426405,24.796162663251174,0.0,0.749185667752443,1.0
329,0.10867534241154417,1.4732796409375515,25.025752763953268,0.0,0.7516339869281046,1.0
330,0.10748170219044081,1.4748313774652153,25.269102215639087,0.0,0.7540983606557377,1.0
331,0.10654335958216818,1.4763933227858248,25.51151667706098,0.0,0.756578947368421,1.0
332,0.10565164576417076,1.4779655779765368,25.758195305391023,0.0,0.759075907590759,1.0
333,0.10484214205668085,1.4795482454532805,25.969186656458305,0.0,0.7615894039735099,1.0
334,0.10407397249987389,1.4811414289929925,26.173527212770196,0.0,0.7641196013289037,1.0
335,0.10295888984815636,1.4827452337563023,26.386731393380394,0.0,0.7666666666666667,1.0
336,0.10179521421353814,1.4843597663106713,26.600437184494016,0.0,0.7692307692307693,1.0
337,0.10079417887294785,1.4859851346539958,26.791280055206435,0.0,0.7718120805369127,1.0
338,0.09980830603905319,1.4876214482386891,27.023393739625526,0.0,0.7744107744107744,1.0
339,0.0987813650288912,1.4892688179962523,27.236988932659138,0.0,0.777027027027027,1.0
340,0.09783758252956923,1.4909273563623413,27.44660341433708,0.0,0.7796610169491526,1.0
341,0.09687484443036806,1.4925971773023492,27.679295621858934,0.0,0.782312925170068,1.0
342,0.09606013927007989,1.4942783963375108,27.916919548251318,0.0,0.7849829351535836,1.0
343,0.09540463408186545,1.4959711305715433,28.13019125276966,0.0,0.7876712328767124,1.0
344,0.0948069953365683,1.4976754987178373,28.3448789347914,0.0,0.7903780068728522,1.0
345,0.09409369445166411,1.4993916211272094,28.508166087365886,0.0,0.7931034482758621,1.0
346,0.09326810453392163,1.5011196198162307,28.622448347286664,0.0,0.7958477508650519,1.0
347,0.09246451392306597,1.5028596184961482,28.73900309913309,0.0,0.7986111111111112,1.0
348,0.09167823475491986,1.5046117426024066,28.84057724925367,0.0,0.8013937282229965,1.0
349,0.09094731919912927,1.5063761193247927,28.964440445653214,0.0,0.8041958041958042,1.0
350,0.09023109697428792,1.508152877638213,29.037314537324118,0.0,0.8070175438596491,1.0
351,0.08947442772702772,1.509942148334122,29.118075373592756,0.0,0.8098591549295775,1.0
352,0.08880623022584576,1.5117440640526172,29.109919451790493,0.0,0.8127208480565371,1.0
353,0.08828521963349485,1.5135587593152153,29.212622449161078,0.0,0.8156028368794326,1.0
354,0.08779960542887084,1.5153863705583297,29.251878961142516,0.0,0.8185053380782918,1.0
355,0.08726090506796981,1.5172270361674667,29.353223421611926,0.0,0.8214285714285714,1.0
356,0.08678026250860468,1.519080896512153,29.422003662645157,0.0,0.8243727598566308,1.0
357,0.08634791779578853,1.5209480939816211,29.498402725672303,0.0,0.8273381294964028,1.0
358,0.08590876790422432,1.522828773021266,29.5445283624496,0.0,0.8303249097472925,1.0
359,0.08554017647438106,1.5247230801698937,29.57102207020857,0.0,0.8333333333333334,1.0
360,0.08512467399939436,1.5266311640977843,29.603503182512643,0.0,0.8363636363636363,1.0
361,0.08464462619129962,1.5285531756455866,29.56282784381717,0.0,0.8394160583941606,1.0
362,0.08407171597933286,1.5304892678640685,29.501089320910967,0.0,0.8424908424908425,1.0
363,0.08350599607737612,1.5324395960547452,29.51511986513646,0.0,0.8455882352941176,1.0
364,0.08303276331382198,1.5344043178114046,29.51760326697295,0.0,0.8487084870848709,1.0
365,0.0825250979130378,1.536383593062558,29.455998870083587,0.0,0.8518518518518519,1.0
366,0.08201565488074543,1.5383775841148353,29.335380018660214,0.0,0.8550185873605948,1.0
367,0.08150351366631733,1.5403864556973532,29.209395968558,0.0,0.8582089552238806,1.0
368,0.08113004923698407,1.5424103750070812,29.12005201475268,0.0,0.8614232209737828,1.0
369,0.08082654183972632,1.5444495117552284,29.132212707328893,0.0,0.8646616541353384,1.0
370,0.08060212773214488,1.5465040382146817,29.185557298301227,0.0,0.8679245283018868,1.0
371,0.08037448987783757,1.5485741292685253,29.25708640562374,0.0,0.8712121212121212,1.0
372,0.08013260607060804,1.5506599624596604,29.38065828687212,0.0,0.8745247148288974,1.0
373,0.07999393361201222,1.5527617180415674,29.517417754602835,0.0,0.8778625954198473,1.0
374,0.07990645959078156,1.5548795790302326,29.639337312884678,0.0,0.8812260536398467,1.0
375,0.0798476648643997,1.5570137312572718,29.752964162300895,0.0,0.8846153846153846,1.0
376,0.0797045404347795,1.5591643634242882,29.83309162527872,0.0,0.888030888030888,1.0
377,0.07953850491963091,1.561331667158491,29.928250793488377,0.0,0.8914728682170543,1.0
378,0.07933501124707062,1.5635158370696138,30.026616125731646,0.0,0.8949416342412452,1.0
379,0.07922934843277715,1.5657170708081667,30.09819243651728,0.0,0.8984375,1.0
380,0.07909602474721121,1.5679355691250614,30.253062805150794,0.0,0.9019607843137255,1.0
381,0.07882249602450805,1.5701715359326405,30.381159996625918,0.0,0.905511811023622,1.0
382,0.07845318053691286,1.5724251783671568,30.466514792462778,0.0,0.9090909090909091,1.0
383,0.07803332862178834,1.5746967068527407,30.537850573189214,0.0,0.9126984126984127,1.0
384,0.0775868899152416,1.5769863351668953,30.63248968566024,0.0,0.9163346613545816,1.0
385,0.07718240572594687,1.5792942805075627,30.686388010329303,0.0,0.92,1.0
386,0.07684934568754545,1.5816207635618103,30.73110482754572,0.0,0.9236947791164659,1.0
387,0.07644159961654834,1.583018333702734,30.829516748705476,0.0,0.9233870967741935,1.0
388,0.07597957273300038,1.584678687798295,30.96327736310129,0.0,0.9230769230769231,1.0
389,0.07553388130687491,1.5864669572957144,31.056498969657184,0.0,0.9227642276422764,1.0
390,0.07519971738844101,1.5883910737703895,31.16947882600559,0.0,0.9224489795918367,1.0
391,0.07479233095399501,1.5880266762246589,31.278260254072666,0.0,0.9221311475409836,1.0
392,0.074352477778113,1.5861184374527155,31.41811916352387,0.0,0.9218106995884774,1.0
393,0.07383757628285399,1.5831352399932437,31.527355196340135,0.0,0.9214876033057852,1.0
394,0.07330361643744718,1.5813171286016054,31.61707699459172,0.0,0.921161825726141,1.0
395,0.07273504741907537,1.5794838662817037,31.689079235957752,0.0,0.9208333333333333,1.0
396,0.0721498155343494,1.5776352628545225,31.692340275073803,0.0,0.9205020920502092,1.0
397,0.07166605336942843,1.5757711249447601,31.67318295913354,0.0,0.9201680672268907,1.0
398,0.07120407157911796,1.5738912559133962,31.641516318373217,0.0,0.919831223628692,1.0
399,0.07075257422450336,1.571995455788546,31.636386039979065,0.0,0.9194915254237288,1.0
400,0.07030035814800951,1.5700835211945483,31.561965420586226,0.0,0.9191489361702128,1.0
401,0.06990284265346555,1.5681552452792342,31.502054846402398,0.0,0.9188034188034188,1.0
402,0.06963708437885288,1.5662104176393252,31.43863630246714,0.0,0.9184549356223176,1.0
403,0.06932754507428583,1.5642488242438997,31.46966104841551,0.0,0.9181034482758621,1.0
404,0.06906477302603227,1.5622702473558734,31.467715153714426,0.0,0.9177489177489178,1.0
405,0.06868649048567149,1.5602744654514293,31.531418875263334,0.0,0.9173913043478261,1.0
406,0.06831206759162343,1.5582612531373392,31.53440196717381,0.0,0.9170305676855895,1.0
407,0.06786280775635642,1.5562303810661082,31.54194059488888,0.0,0.9166666666666666,1.0
408,0.06740962858484001,1.5541816158488748,31.572652503429772,0.0,0.9162995594713657,1.0
409,0.06695638560928631,1.5521147199660026,31.643789682025414,0.0,0.915929203539823,1.0
410,0.0665414541133247,1.5500294516752824,31.6880821350372,0.0,0.9155555555555556,1.0
411,0.06612492886782374,1.547925564917681,31.717917900620797,0.0,0.9151785714285714,1.0
412,0.06576562528739323,1.5458028092205494,31.75331943010877,0.0,0.9147982062780269,1.0
413,0.06543520629658416,1.5436609295982184,31.748126979771534,0.0,0.9144144144144144,1.0
414,0.06512028279220468,1.5414996664498937,31.78780268028812,0.0,0.9140271493212669,1.0
415,0.06476601910222157,1.5393187554547658,31.919809682339473,0.0,0.9136363636363637,1.0
416,0.06430534303109481,1.5371179274642481,32.05699124958614,0.0,0.91324200913242,1.0
417,0.0639530519660384,1.5348969083912496,32.166789866852724,0.0,0.9128440366972477,1.0
418,0.06355773625145733,1.5326554190963793,32.28294841883532,0.0,0.9124423963133641,1.0
419,0.06315955499953452,1.5303931752710014,32.4179977352881,0.0,0.9120370370370371,1.0
420,0.06273733159676313,1.5281098873170158,32.60192970659036,0.0,0.9116279069767442,1.0
421,0.06237998457025417,1.5258052602232726,32.73577256581759,0.0,0.9112149532710281,1.0
422,0.06202305038314412,1.5234789934385082,32.849798988806825,0.0,0.9107981220657277,1.0
423,0.06169265239765807,1.5211307807406804,32.978330164366206,0.0,0.910377358490566,1.0
424,0.06136784032223527,1.5187603101025886,33.03667352001041,0.0,0.909952606635071,1.0
425,0.06100198482682603,1.516367263553658,33.08928528489788,0.0,0.9095238095238095,1.0
426,0.060603883136559206,1.5139513170377519,33.04427155180906,0.0,0.9090909090909091,1.0
427,0.06014378615847868,1.511512140266885,32.946354606814566,0.0,0.9086538461538461,1.0
428,0.05971433175197927,1.5090493965706964,32.827710333776,0.0,0.9082125603864735,1.0
429,0.059264717288085085,1.5065627427415347,32.8429868669578,0.0,0.9077669902912622,1.0
430,0.05866152308784491,1.5040518288750149,32.856041998959284,0.0,0.9073170731707317,1.0
431,0.05808748285680301,1.5015162982058823,32.99696083119803,0.0,0.9068627450980392,1.0
432,0.057452585655378606,1.4989557869390244,33.23688192217067,0.0,0.9064039408866995,1.0
433,0.05695299301312835,1.496369924075465,33.40760905319762,0.0,0.905940594059406,1.0
434,0.05655607614839863,1.493758331233164,33.57326051763051,0.0,0.9054726368159204,1.0
435,0.0560616458343934,1.4911206224624394,33.77517930577027,0.0,0.905,1.0
436,0.055559378919629594,1.4884564040558288,33.9930056886988,0.0,0.9045226130653267,1.0
437,0.05503394625170352,1.4857652743521814,34.16830038249509,0.0,0.9040404040404041,1.0
438,0.05443184749784459,1.4830468235347913,34.363615647836774,0.0,0.9035532994923858,1.0
439,0.053883325400742255,1.4803006334233462,34.538008104950094,0.0,0.9030612244897959,1.0
440,0.05345641973122616,1.4775262772594762,34.767443867147534,0.0,0.9025641025641026,1.0
441,0.05297495192181269,1.4747233194856686,34.979756817460284,0.0,0.9020618556701031,1.0
442,0.05250568384857792,1.4718913155173148,35.20602101133832,0.0,0.9015544041450777,1.0
443,0.05214948031413664,1.4690298115076235,35.33718505121403,0.0,0.9010416666666666,1.0
444,0.051795721794047206,1.466138344105161,35.4316404840954,0.0,0.900523560209424,1.0
445,0.051357643546391926,1.4632164402037244,35.509344276112984,0.0,0.9,1.0
446,0.05091385606071368,1.4602636166842837,35.609053932338334,0.0,0.8994708994708994,1.0
447,0.05047205512053875,1.457279380148679,35.732686294906834,0.0,0.898936170212766,1.0
448,0.05006510466913159,1.4542632266447786,35.874990990863225,0.0,0.8983957219251337,1.0
449,0.04968707636409044,1.4512146413827713,36.06279364859783,0.0,0.8978494623655914,1.0
450,0.04934486156652537,1.448133098442257,36.23219397984012,0.0,0.8972972972972973,1.0
451,0.049011677878718726,1.4428458332385141,36.4206381588556,0.0,0.8967391304347826,1.0
452,0.04866818948746716,1.4384638505817946,36.58749560313186,0.0,0.8961748633879781,1.0
453,0.04832710366973322,1.4335179575641648,36.77178623313815,0.0,0.8956043956043956,1.0
454,0.047930747963192216,1.4266229171952811,36.9123399316717,0.0,0.8950276243093923,1.0
455,0.04758907793240203,1.4207299672870188,36.99880271290182,0.0,0.8944444444444445,1.0
456,0.04729560978418873,1.4147383030321705,37.07554410007782,0.0,0.8938547486033519,1.0
457,0.04704002932444215,1.4081496646631095,37.12308450901224,0.0,0.8932584269662921,1.0
458,0.04680925181006012,1.401729322824248,37.15171573642201,0.0,0.8926553672316384,1.0
459,0.04648659758193763,1.3953697447615057,37.25447830915718,0.0,0.8920454545454546,1.0
460,0.04618743030615714,1.3907757428942444,37.40193102318966,0.0,0.8914285714285715,1.0
461,0.045838346011079854,1.3853905086229967,37.637810290147655,0.0,0.8908045977011494,1.0
462,0.045454573715240545,1.3810598297692818,37.90298819175799,0.0,0.8901734104046243,1.0
463,0.04507008411721196,1.3772301046545374,38.12237540712214,0.0,0.8895348837209303,1.0
464,0.04472164540847512,1.3743606307849692,38.335407053732304,0.0,0.8888888888888888,1.0
465,0.04438239307616216,1.371321370370896,38.57577476735982,0.0,0.888235294117647,1.0
466,0.04404517831990978,1.3682315686931155,38.80727541971954,0.0,0.8875739644970414,1.0
467,0.04380307668349272,1.3660286076269375,39.06549976369189,0.0,0.8869047619047619,1.0
468,0.04350623079575532,1.3639590393562628,39.34195852347375,0.0,0.8862275449101796,1.0
469,0.0432166033590964,1.36224783363534,39.64579409766223,0.0,0.8855421686746988,1.0
470,0.04282487243353218,1.3592022872906118,39.89370260616274,0.0,0.8848484848484849,1.0
471,0.04240425956138958,1.3564533398729033,40.142327030794284,0.0,0.8841463414634146,1.0
472,0.04205326334717379,1.3545638562445037,40.36345641591914,0.0,0.8834355828220859,1.0
473,0.041810797301441514,1.3532118932083936,40.64948251099007,0.0,0.8827160493827161,1.0
474,0.04152112586885828,1.3519961171974682,40.938221532539515,0.0,0.8819875776397516,1.0
475,0.041167551746679173,1.3502537295702433,41.15000440603674,0.0,0.88125,1.0
476,0.04086609522827075,1.3495031957653039,41.3646396256827,0.0,0.8805031446540881,1.0
477,0.04055105722009899,1.348104895028001,41.595389993915276,0.0,0.879746835443038,1.0
478,0.04023439346294487,1.3475803763444854,41.856116234697524,0.0,0.8789808917197452,1.0
479,0.039959583782937035,1.3479280230167014,42.110606511215884,0.0,0.8782051282051282,1.0
480,0.03973492640701017,1.348330475349014,42.41016227089712,0.0,0.8774193548387097,1.0
481,0.039529450502430515,1.3491175548681773,42.76189964541123,0.0,0.8766233766233766,1.0
482,0.03926462342752033,1.3499927305096804,43.11834190789122,0.0,0.8758169934640523,1.0
483,0.038952947568327845,1.3509712441828763,43.38559824958908,0.0,0.875,1.0
484,0.038583470205401024,1.3518295090137704,43.64192889234609,0.0,0.8741721854304636,1.0
485,0.038166921609015886,1.3528698030090829,43.89667318637039,0.0,0.8733333333333333,1.0
486,0.03782039004707484,1.3547753655384813,44.1564219373865,0.0,0.87248322147651,1.0
487,0.0374871351640788,1.3574611103585936,44.40075132799177,0.0,0.8783783783783784,1.0
488,0.03716927546560297,1.3601675717725186,44.723288831997706,0.0,0.8843537414965986,1.0
489,0.036744026341985585,1.3610610479610785,45.00126555351033,0.0,0.8835616438356164,1.0
490,0.036271779211402254,1.3613959230318249,45.35521610015332,0.0,0.8827586206896552,1.0
491,0.035822706771354906,1.3619102920210346,45.72679747360872,0.0,0.8819444444444444,1.0
492,0.03547156362110672,1.3624615181276858,46.16697460199679,0.0,0.8811188811188811,1.0
493,0.03510292225798234,1.3642635702449228,46.468801983365985,0.0,0.8802816901408451,1.0
494,0.03471800863153694,1.367215932678965,46.749622950452284,0.0,0.8865248226950354,1.0
495,0.03431854994877991,1.3706493152854566,47.00111234543562,0.0,0.8928571428571429,1.0
496,0.03388138280254696,1.37357393783555,47.292733539195034,0.0,0.8992805755395683,1.0
497,0.03350688834913971,1.3761254891773278,47.617400432218254,0.0,0.8985507246376812,1.0
498,0.03320045190981768,1.3780500988920048,48.05004667723447,0.0,0.8978102189781022,1.0
499,0.032910774524414065,1.3811157876531526,48.63452719140795,0.0,0.9044117647058824,1.0
500,0.03259718416934287,1.3848674763017652,49.210630972323365,0.0,0.9111111111111111,1.0
501,0.032316237274532034,1.3892173870208036,49.7690360886361,0.0,0.917910447761194,1.0
502,0.03203203926493226,1.3930956655418527,50.22407821337388,0.0,0.924812030075188,1.0
503,0.031756245321014176,1.3979646230151621,50.74196035603455,0.0,0.9318181818181818,1.0
504,0.03149014690704239,1.402863000901907,51.239603094149615,0.0,0.9389312977099237,1.0
505,0.03120232152920844,1.4083945967388414,51.707245971766795,0.0,0.9461538461538461,1.0
506,0.030884002244302666,1.4136757048675788,52.10995999228475,0.0,0.9534883720930233,1.0
507,0.03054295516147803,1.4174860594955994,52.620577514587445,0.0,0.9609375,1.0
508,0.03019241069530971,1.4213725809827595,53.12479013070056,0.0,0.968503937007874,1.0
509,0.029899727722870216,1.42519590615086,53.62865412440267,0.0,0.9761904761904762,1.0
510,0.029579384707090275,1.4264017579358115,54.17989194421373,0.0,0.976,1.0
511,0.029283046073357594,1.4274913284544535,54.776301355907734,0.0,0.9758064516129032,1.0
512,0.028988464292059306,1.4299535985173069,55.284234412993094,0.0,0.975609756097561,1.0
513,0.028726336161697265,1.4323003336539977,55.809383420805354,0.0,0.9754098360655737,1.0
514,0.02848070218324992,1.434768409904483,56.33736783207768,0.0,0.9752066115702479,1.0
515,0.02823344470636571,1.4371157018257994,56.84554020810554,0.0,0.975,1.0
516,0.027954152611094362,1.440591359839103,57.5002273564463,0.0,0.9747899159663865,1.0
517,0.02771185438869463,1.4431483819984594,58.156802530686186,0.0,0.9745762711864406,1.0
518,0.027522321939877317,1.4460555263680095,58.8602206758928,0.0,0.9743589743589743,1.0
519,0.027249234312521863,1.4469131124582566,59.62004259765992,0.0,0.9741379310344828,1.0
520,0.026996599081648316,1.4487505839663337,60.25396440266028,0.0,0.9739130434782609,1.0
521,0.026731664638080264,1.4496252503162703,60.8048527518531,0.0,0.9736842105263158,1.0
522,0.026517698102078005,1.4513812011854528,61.41447116585793,0.0,0.9734513274336283,1.0
523,0.026298573580021585,1.4545295095804536,61.90429155571267,0.0,0.9732142857142857,1.0
524,0.026090985435717844,1.4582005168949526,62.347904151891335,0.0,0.972972972972973,1.0
525,0.02588191182815922,1.4609107771020549,62.8551127465254,0.0,0.9727272727272728,1.0
526,0.025705725042529992,1.4631008374746852,63.26730333986896,0.0,0.9724770642201835,1.0
527,0.025567116047683396,1.4649513617486647,63.38329314834439,0.0,0.9722222222222222,1.0
528,0.02540385497577675,1.4672495329738844,63.84419816448922,0.0,0.9719626168224299,1.0
529,0.025224268312986305,1.4694090514549512,64.38628632308905,0.0,0.9716981132075472,1.0
530,0.025088939141092073,1.4724463418449827,65.0124491016679,0.0,0.9714285714285714,1.0
531,0.024992856593081977,1.47530389836527,65.66296815943237,0.0,0.9711538461538461,1.0
532,0.024854034729239447,1.4785849303865772,66.33996185673455,0.0,0.970873786407767,1.0
533,0.0247189561892625,1.4828197124190978,66.93822067829564,0.0,0.9705882352941176,1.0
534,0.024627418733302864,1.4871586731240902,67.29678987434256,0.0,0.9702970297029703,1.0
535,0.02449751157075787,1.4916884064341567,67.57274380224189,0.0,0.97,1.0
536,0.024402303555057257,1.4975784665131253,68.3097530127207,0.0,0.9797979797979798,1.0
537,0.024314066985358315,1.5036348084132034,69.32612257938325,0.0,0.9897959183673469,1.0
538,0.024135956285588893,1.5088412625583025,70.54023756975808,0.0,1.0,1.0
539,0.023881474043947627,1.513987993729575,71.74460898352022,0.0,1.0,1.0
540,0.023617707443219383,1.519162417618706,73.11303548049985,0.0,1.0,1.0
541,0.023417663243152757,1.5230174659745221,74.60137194352802,0.0,1.0,1.0
542,0.023205790500472914,1.5256312257921538,76.06012939451284,0.0,1.0,1.0
543,0.022898148415097755,1.5266404723506812,77.48404918954748,0.0,1.0,1.0
544,0.022575973395108615,1.527470410064113,78.94730227306238,0.0,1.0,1.0
545,0.022295164014873324,1.5280816128913415,80.60279237985131,0.0,1.0,1.0
546,0.022038788547540458,1.528040834306668,82.30333953670056,0.0,1.0,1.0
547,0.02174523966810553,1.5279991289359793,84.08212531747397,0.0,1.0,1.0
548,0.021403991535231592,1.5279564648211368,85.86837022057904,0.0,1.0,1.0
549,0.0210124252259298,1.5279128085175768,87.86635810905555,0.0,1.0,1.0
550,0.020620805903333348,1.5278681250068744,89.78025704524619,0.0,1.0,1.0
551,0.020218893741998867,1.52782237760306,91.56661632278588,0.0,1.0,1.0
552,0.0198713123279542,1.527775527852166,93.24916274547667,0.0,1.0,1.0
553,0.01957358866835027,1.5277275354244209,95.07886083901437,0.0,1.0,1.0
554,0.0190866627869483,1.5276783579984596,97.03196815061847,0.0,1.0,1.0
555,0.01865332380186189,1.5276279511368493,98.94126886239128,0.0,1.0,1.0
556,0.018287924444013823,1.52757626815216,100.83879857544407,0.0,1.0,1.0
557,0.017913741414923932,1.5275232599627355,102.7402311248818,0.0,1.0,1.0
558,0.017570001778587054,1.527468874937222,104.82328160749641,0.0,1.0,1.0
559,0.01721863190195967,1.5274130587268266,107.050243672847,0.0,1.0,1.0
560,0.01687133739692316,1.527355754084154,109.38132210832053,0.0,1.0,1.0
561,0.01651651425659168,1.5272969006673551,112.05916825522613,0.0,1.0,1.0
562,0.016162999323301744,1.527236434828178,114.91309232843722,0.0,1.0,1.0
563,0.015874013526996675,1.527174289382357,117.6616120327857,0.0,1.0,1.0
564,0.015569159306816405,1.5271103933605974,120.44396740576393,0.0,1.0,1.0
565,0.015242683958414492,1.5270446717382162,123.28917018636683,0.0,1.0,1.0
566,0.014854831286820146,1.5269770451412734,125.84889957787398,0.0,1.0,1.0
567,0.014579348663129127,1.5269074295267735,127.83416421208503,0.0,1.0,1.0
568,0.014331210127766027,1.5268357358342286,130.06145099394251,0.0,1.0,1.0
569,0.014008571410751805,1.5267618696055463,132.0480644808835,0.0,1.0,1.0
570,0.013651794586011798,1.5266857305698274,133.7577202073258,0.0,1.0,1.0
571,0.013332538774505071,1.526607212189242,134.9822267133884,0.0,1.0,1.0
572,0.013075430982394026,1.5265262011616538,136.54118249507414,0.0,1.0,1.0
573,0.012759936354246475,1.5264425768751115,138.32567938791792,0.0,1.0,1.0
574,0.01244146378558531,1.5263562108086826,141.15570454936582,0.0,1.0,1.0
575,0.012099459779610763,1.5262669658733727,143.94321808635763,0.0,1.0,1.0
576,0.011756109445603917,1.5261746956860185,146.63189810374357,0.0,1.0,1.0
577,0.011376584641030958,1.526079243768066,149.48502743794762,0.0,1.0,1.0
578,0.011054450515675012,1.5259804426600094,152.58381041612796,0.0,1.0,1.0
579,0.010733183153068588,1.5258781129409509,156.12434575013376,0.0,1.0,1.0
580,0.010374956605798626,1.5257720621411992,159.90039769200726,0.0,1.0,1.0
581,0.010052558073052473,1.5256620835340498,163.58892934412282,0.0,1.0,1.0
582,0.00986952281605282,1.5255479547907813,166.02114153360046,0.0,1.0,1.0
583,0.009802873495944813,1.5254294364804641,167.84868325669783,0.0,1.0,1.0
584,0.009687328113081716,1.5253062703932718,170.12117793295764,0.0,1.0,1.0
585,0.009566285240938714,1.525178177662592,172.56155776051529,0.0,1.0,1.0
586,0.009437150438985383,1.5250448566571901,174.60281702488405,0.0,1.0,1.0
587,0.009332570809418983,1.5249059806098966,176.35751005399825,0.0,1.0,1.0
588,0.009219868184189219,1.524761194943569,178.1553683015994,0.0,1.0,1.0
589,0.009079833180057745,1.524610114248271,179.9871747703242,0.0,1.0,1.0
590,0.008968769975022953,1.5244523188554044,181.49140382384104,0.0,1.0,1.0
591,0.0088811507555205,1.5242873509446802,182.6311412488155,0.0,1.0,1.0
592,0.008803165226886376,1.5241147101078756,184.55640471891002,0.0,1.0,1.0
593,0.008713519700873315,1.523933848278842,186.29666980671485,0.0,1.0,1.0
594,0.008640164823050364,1.523744163921563,187.5553563314177,0.0,1.0,1.0
595,0.008556941171886417,1.5235449953464202,188.38375422030794,0.0,1.0,1.0
596,0.008443310021535576,1.5233356129981932,190.2270088066187,0.0,1.0,1.0
597,0.00830239029276863,1.523115210526375,193.19844673975416,0.0,1.0,1.0
598,0.00813756149074759,1.5228828944074317,196.45285628763853,0.0,1.0,1.0
599,0.007997027019762805,1.522637671837436,199.12098604360963,0.0,1.0,1.0
600,0.007878271250449237,1.5223784365491548,200.50114641682822,0.0,1.0,1.0
601,0.007784591814961774,1.5221039521262685,201.839942858404,0.0,1.0,1.0
602,0.007674823570516884,1.5218128322838138,204.14524199549564,0.0,1.0,1.0
603,0.007577991536029437,1.5215035174512055,206.74249641241335,0.0,1.0,1.0
604,0.007463006668049826,1.5211742468229454,210.2698480209907,0.0,1.0,1.0
605,0.007375656549234772,1.5208230248194674,213.23707956341278,0.0,1.0,1.0
606,0.007290173152297858,1.5204475806088533,216.2365622177951,0.0,1.0,1.0
607,0.007216605311949965,1.5200453189546237,218.80197470554,0.0,1.0,1.0
608,0.00712764635796684,1.5196132601408219,221.92718375654206,0.0,1.0,1.0
609,0.007055092310566609,1.51914796603365,225.3984328713018,0.0,1.0,1.0
610,0.006994708146545826,1.518645448397905,228.91322537704983,0.0,1.0,1.0
611,0.0069344372397465845,1.5181010542925144,231.5559148001033,0.0,1.0,1.0
612,0.006894791314991024,1.5175093215692639,232.95069865742963,0.0,1.0,1.0
613,0.006853754197382281,1.5168637949620811,235.48816518518552,0.0,1.0,1.0
614,0.006835155694802846,1.5161567896304053,235.194965110317,0.0,1.0,1.0
615,0.00684241587355759,1.5153790837655619,233.746760487145,0.0,1.0,1.0
616,0.006844198687933577,1.5145195141254717,232.58743243869742,0.0,1.0,1.0
617,0.006851217895673386,1.5135644367475936,230.58016346949924,0.0,1.0,1.0
618,0.006845207576378594,1.512496997325259,228.05571094833974,0.0,1.0,1.0
619,0.0067331628877274185,1.511296127975133,230.45736668878922,0.0,1.0,1.0
620,0.006622096983758875,1.5099351427116565,234.69273340989966,0.0,1.0,1.0
621,0.00645011542415403,1.5083797309819693,240.9594867335499,0.0,1.0,1.0
622,0.006339599946503644,1.5065850251400226,245.01858977023323,0.0,1.0,1.0
623,0.006134857947028108,1.5044912016577514,252.43097064978085,0.0,1.0,1.0
624,0.005837211720312274,1.502016682996885,263.85141419191905,0.0,1.0,1.0
625,0.005528300089656076,1.4990472606038456,275.1527119826556,0.0,1.0,1.0
626,0.005260521076829046,1.4954179665679088,288.21198055191655,0.0,1.0,1.0
627,0.005081115228499748,1.4908813490229873,298.6321167186846,0.0,1.0,1.0
628,0.004874096547085079,1.4850485550366603,312.9572132104951,0.0,1.0,1.0
629,0.004700844690484447,1.4772714963882239,325.5585246034279,0.0,1.0,1.0
630,0.004270883196421242,1.466383614280413,346.9801260409648,0.0,1.0,1.0
631,0.004184927803431375,1.4500517911186968,352.964303212048,0.0,1.0,1.0
632,0.004021738905170205,1.4228320858491694,364.3047789784827,0.0,1.0,1.0
633,0.003996004801357067,1.368392675310115,354.57934305422305,0.0,1.0,1.0
